task,plant,model,seed,delay_s,tau_s,scale,maximum_position_m,maximum_goal_overshoot_m,final_position_m,final_goal_error_m,goal_reached,goal_reached_time_s,settling_time_s,minimum_wall_clearance_m,safety_margin_m,collision,safety_violation,peak_actual_speed_mps,mean_abs_raw_to_smoothed_mps,mean_abs_smoothed_to_actual_mps,mean_abs_first_cycle_prediction_error_m,p95_abs_first_cycle_prediction_error_m,raw_command_total_variation_mps,mean_compute_ms,p95_compute_ms,mean_rank_spearman,mean_top_1pct_overlap
goal_stop,smoother_only,ideal,0,0.0,0.0,1.0,0.6954176683694938,0.0,0.6954176683694938,0.3045823316305062,1,2.35,nan,nan,nan,0,0,0.30707685354889086,0.030648257405536776,0.0,0.0015324128702768386,0.009830283256815623,0.9696750661681565,4.386780595984632,4.6607264994236175,0.6668651371426735,0.2936170212765958
goal_stop,smoother_only,ideal,1,0.0,0.0,1.0,0.6952448745827602,0.0,0.6952448745827602,0.3047551254172398,1,2.35,nan,nan,nan,0,0,0.308230992018957,0.030684999822108608,0.0,0.0015342499911054307,0.009914690280821873,1.0516099112078225,5.363410851095204,7.091306400616302,0.6680942174933273,0.3095744680851064
goal_stop,smoother_only,ideal,2,0.0,0.0,1.0,0.6986296910426382,0.0,0.6986296910426382,0.30137030895736183,1,2.35,nan,nan,nan,0,0,0.3058668940717143,0.03141880681701399,0.0,0.0015709403408507004,0.010318612152664119,1.0147574785633604,4.71117938309846,7.2095720002835035,0.6665454269546661,0.300531914893617
goal_stop,smoother_only,ideal,3,0.0,0.0,1.0,0.6983241584566643,0.0,0.6983241584566643,0.3016758415433357,1,2.35,nan,nan,nan,0,0,0.3061102647823401,0.031351840177993445,0.0,0.001567592008899673,0.010216538696046832,1.0128367510471694,4.449568340320145,4.792996600372135,0.6661396607240906,0.2981382978723404
goal_stop,smoother_only,ideal,4,0.0,0.0,1.0,0.6949487551886623,0.0,0.6949487551886623,0.3050512448113377,1,2.35,nan,nan,nan,0,0,0.3046404290584947,0.030602746340251417,0.0,0.0015301373170125711,0.00986766401246936,0.9968363747341893,4.44877104305209,4.658914199171704,0.6655842502819016,0.30664893617021277
goal_stop,smoother_only,ideal,5,0.0,0.0,1.0,0.6890825124685103,0.0,0.6890825124685103,0.31091748753148973,1,2.35,nan,nan,nan,0,0,0.3047482483104872,0.030729698602670052,0.0,0.0015364849301335026,0.009875715851388748,1.0179864996080792,4.503754999608104,4.83671389738447,0.6648210109353683,0.30398936170212765
goal_stop,smoother_only,ideal,6,0.0,0.0,1.0,0.690880668667419,0.0,0.690880668667419,0.30911933133258096,1,2.35,nan,nan,nan,0,0,0.30609554988260457,0.03042173895367413,0.0,0.0015210869476837065,0.009385737036203105,0.9951310355597043,4.685532319467227,4.928830900098546,0.6655919805529665,0.30664893617021277
goal_stop,smoother_only,ideal,7,0.0,0.0,1.0,0.6950752064425184,0.0,0.6950752064425184,0.3049247935574816,1,2.35,nan,nan,nan,0,0,0.30740704028650395,0.03080567404028931,0.0,0.0015402837020144658,0.010097877733733007,1.0006378458217424,4.625493042345005,4.764084600174101,0.6673918438177915,0.30744680851063827
goal_stop,smoother_only,ideal,8,0.0,0.0,1.0,0.6925284296821822,0.0,0.6925284296821822,0.3074715703178178,1,2.35,nan,nan,nan,0,0,0.3035330727739082,0.03067174238516966,0.0,0.0015335871192584819,0.009980843757311623,1.0711030150754968,4.652999936181314,4.818552000870113,0.6671275464316806,0.30079787234042554
goal_stop,smoother_only,ideal,9,0.0,0.0,1.0,0.696999285022747,0.0,0.696999285022747,0.303000714977253,1,2.35,nan,nan,nan,0,0,0.3060801581533376,0.030665994613297345,0.0,0.0015332997306648681,0.010050099205979827,1.0224272818761553,4.732471446914133,4.977878001227509,0.6680442216288494,0.3079787234042553
goal_stop,smoother_only,ideal,10,0.0,0.0,1.0,0.6923497816962657,0.0,0.6923497816962657,0.3076502183037343,1,2.35,nan,nan,nan,0,0,0.304596798595708,0.030662157357422868,0.0,0.0015331078678711442,0.009961457763327752,1.0261244252090898,4.931818914786724,5.168032799701905,0.6649994701060423,0.31569148936170216
goal_stop,smoother_only,ideal,11,0.0,0.0,1.0,0.6995412595529131,0.0,0.6995412595529131,0.30045874044708687,1,2.35,nan,nan,nan,0,0,0.30623913960359983,0.031410885884461844,0.0,0.0015705442942230915,0.010436956980179945,1.0467870193991076,4.982474148957718,5.299500599721795,0.667655729119787,0.3063829787234042
goal_stop,smoother_only,ideal,12,0.0,0.0,1.0,0.6914553496449459,0.0,0.6914553496449459,0.3085446503550541,1,2.35,nan,nan,nan,0,0,0.30511876262438364,0.030683363828176505,0.0,0.001534168191408825,0.0098518888490003,1.0395675258532262,5.058847255605406,5.390195100335404,0.6653047931615111,0.2946808510638298
goal_stop,smoother_only,ideal,13,0.0,0.0,1.0,0.6951676460038464,0.0,0.6951676460038464,0.3048323539961536,1,2.35,nan,nan,nan,0,0,0.30295455557003065,0.031233204685437346,0.0,0.001561660234271868,0.0101718346455963,1.0103580786470046,4.90593712798882,5.100666600992554,0.6674064963331469,0.3095744680851064
goal_stop,smoother_only,ideal,14,0.0,0.0,1.0,0.6953385128821953,0.0,0.6953385128821953,0.3046614871178047,1,2.35,nan,nan,nan,0,0,0.30809591745551157,0.03047833394651956,0.0,0.0015239166973259782,0.009649141950036359,1.045197828427229,4.544465553292267,4.718815600790549,0.6659954694284533,0.3146276595744681
goal_stop,smoother_only,ideal,15,0.0,0.0,1.0,0.6948088994722731,0.0,0.6948088994722731,0.3051911005277269,1,2.35,nan,nan,nan,0,0,0.30283931579536033,0.030668655307497843,0.0,0.0015334327653748917,0.010020838804919278,0.9914471227794552,4.564636851121557,4.691038501550793,0.6663051952562647,0.29760638297872344
goal_stop,smoother_only,ideal,16,0.0,0.0,1.0,0.6930294444066198,0.0,0.6930294444066198,0.30697055559338016,1,2.35,nan,nan,nan,0,0,0.30509625919216193,0.030502103844744555,0.0,0.001525105192237228,0.00962699893021152,0.959229399853212,4.5797987872805255,4.715491099341307,0.6663950885841321,0.30744680851063827
goal_stop,smoother_only,ideal,17,0.0,0.0,1.0,0.694657241252443,0.0,0.694657241252443,0.305342758747557,1,2.35,nan,nan,nan,0,0,0.30586017827312884,0.030633063113333255,0.0,0.001531653155666663,0.009759647730943902,1.0124452348524924,4.7600395323280145,4.953914599173004,0.6643047603410319,0.31063829787234043
goal_stop,smoother_only,ideal,18,0.0,0.0,1.0,0.696541666977791,0.0,0.696541666977791,0.30345833302220904,1,2.35,nan,nan,nan,0,0,0.3071014211347761,0.03118451949502956,0.0,0.0015592259747514775,0.010142397277842111,1.029692835907516,4.82661938308701,5.027987400899292,0.665101746558937,0.30611702127659574
goal_stop,smoother_only,ideal,19,0.0,0.0,1.0,0.6919068266880859,0.0,0.6919068266880859,0.3080931733119141,1,2.35,nan,nan,nan,0,0,0.302526643839864,0.030345152623612457,0.0,0.0015172576311806235,0.009405551586235187,0.9570679527483981,4.743684297786689,4.9457164997875225,0.6672057745740265,0.30372340425531913
goal_stop,smoother_only,smoother,0,0.0,0.0,1.0,0.6811387109728797,0.0,0.6811387109728797,0.3188612890271203,1,2.5,nan,nan,nan,0,0,0.3,0.02817041466950531,0.0,0.0,0.0,0.9119751924250659,3.3116275997599587,3.423476249554369,nan,nan
goal_stop,smoother_only,smoother,1,0.0,0.0,1.0,0.6924914572773483,0.0,0.6924914572773483,0.3075085427226517,1,2.5500000000000003,nan,nan,nan,0,0,0.3,0.02809369624516225,0.0,0.0,0.0,0.9545877843758254,3.5169450395686925,3.6550730001181364,nan,nan
goal_stop,smoother_only,smoother,2,0.0,0.0,1.0,0.6803432121343134,0.0,0.6803432121343134,0.31965678786568663,1,2.5,nan,nan,nan,0,0,0.3,0.028246954374105522,0.0,0.0,0.0,0.9753556249352203,3.5145393396669533,3.655899350087566,nan,nan
goal_stop,smoother_only,smoother,3,0.0,0.0,1.0,0.6799119690860084,0.0,0.6799119690860084,0.32008803091399163,1,2.5,nan,nan,nan,0,0,0.3,0.028189753383481307,0.0,0.0,0.0,0.9552098193106247,3.529687160043977,3.651009298664576,nan,nan
goal_stop,smoother_only,smoother,4,0.0,0.0,1.0,0.6818073524405294,0.0,0.6818073524405294,0.31819264755947063,1,2.5,nan,nan,nan,0,0,0.3,0.0281285610782039,0.0,0.0,0.0,0.9427162621733534,3.425565579746035,3.5964783503004583,nan,nan
goal_stop,smoother_only,smoother,5,0.0,0.0,1.0,0.6905706454189472,0.0,0.6905706454189472,0.3094293545810528,1,2.5500000000000003,nan,nan,nan,0,0,0.3,0.02832210395616448,0.0,0.0,0.0,0.9543661127756755,3.513287274864863,3.625295999881928,nan,nan
goal_stop,smoother_only,smoother,6,0.0,0.0,1.0,0.692214948258705,0.0,0.692214948258705,0.307785051741295,1,2.5500000000000003,nan,nan,nan,0,0,0.3,0.028254984620538107,0.0,0.0,0.0,0.9556327495747531,3.552546627450319,3.654760997960693,nan,nan
goal_stop,smoother_only,smoother,7,0.0,0.0,1.0,0.678570840761612,0.0,0.678570840761612,0.321429159238388,1,2.5,nan,nan,nan,0,0,0.3,0.027875803745031756,0.0,0.0,0.0,0.9469377303919408,3.506023099544109,3.612294650338299,nan,nan
goal_stop,smoother_only,smoother,8,0.0,0.0,1.0,0.692033891003371,0.0,0.692033891003371,0.307966108996629,1,2.5500000000000003,nan,nan,nan,0,0,0.3,0.028074419531717187,0.0,0.0,0.0,0.9755990315687735,3.499648607947736,3.6269774991524173,nan,nan
goal_stop,smoother_only,smoother,9,0.0,0.0,1.0,0.6803798579215862,0.0,0.6803798579215862,0.3196201420784138,1,2.5,nan,nan,nan,0,0,0.3,0.02785748842578524,0.0,0.0,0.0,0.9442819065434455,3.4352278200822184,3.7667385002350784,nan,nan
goal_stop,smoother_only,smoother,10,0.0,0.0,1.0,0.6917640394774022,0.0,0.6917640394774022,0.30823596052259783,1,2.5500000000000003,nan,nan,nan,0,0,0.3,0.028107596820884696,0.0,0.0,0.0,0.9629611990125572,3.355359921460702,3.4585999983391957,nan,nan
goal_stop,smoother_only,smoother,11,0.0,0.0,1.0,0.6799454508277764,0.0,0.6799454508277764,0.32005454917222365,1,2.5,nan,nan,nan,0,0,0.3,0.028020543294898937,0.0,0.0,0.0,0.9745477454112343,3.4774334798566997,3.6614465981983813,nan,nan
goal_stop,smoother_only,smoother,12,0.0,0.0,1.0,0.6907630889915807,0.0,0.6907630889915807,0.3092369110084193,1,2.5500000000000003,nan,nan,nan,0,0,0.3,0.02805750532430946,0.0,0.0,0.0,0.9768470386819079,3.3225264511095114,3.398177999770269,nan,nan
goal_stop,smoother_only,smoother,13,0.0,0.0,1.0,0.6933696891967988,0.0,0.6933696891967988,0.30663031080320124,1,2.5500000000000003,nan,nan,nan,0,0,0.3,0.028216700993094455,0.0,0.0,0.0,0.9388492170813835,3.3447566076539066,3.4775050007738173,nan,nan
goal_stop,smoother_only,smoother,14,0.0,0.0,1.0,0.6800334393262254,0.0,0.6800334393262254,0.3199665606737746,1,2.5,nan,nan,nan,0,0,0.3,0.027998584566019884,0.0,0.0,0.0,0.9873112794956315,3.327644520031754,3.4194983014458558,nan,nan
goal_stop,smoother_only,smoother,15,0.0,0.0,1.0,0.6794574425395629,0.0,0.6794574425395629,0.32054255746043714,1,2.5,nan,nan,nan,0,0,0.3,0.02787701863321941,0.0,0.0,0.0,0.9432292800326418,3.356452020307188,3.4614124009749503,nan,nan
goal_stop,smoother_only,smoother,16,0.0,0.0,1.0,0.6807936905085299,0.0,0.6807936905085299,0.3192063094914701,1,2.5,nan,nan,nan,0,0,0.3,0.028196234160665946,0.0,0.0,0.0,0.9404714024244241,3.4080535599787254,3.490143198905571,nan,nan
goal_stop,smoother_only,smoother,17,0.0,0.0,1.0,0.6796637631232822,0.0,0.6796637631232822,0.32033623687671775,1,2.5,nan,nan,nan,0,0,0.3,0.028071517322913575,0.0,0.0,0.0,0.9575295146280638,3.3790694803610677,3.4837399014577386,nan,nan
goal_stop,smoother_only,smoother,18,0.0,0.0,1.0,0.6794935982910684,0.0,0.6794935982910684,0.32050640170893163,1,2.5,nan,nan,nan,0,0,0.3,0.02800650419875518,0.0,0.0,0.0,0.9507490893259087,3.2862710003973916,3.3568001013918547,nan,nan
goal_stop,smoother_only,smoother,19,0.0,0.0,1.0,0.6916874124780739,0.0,0.6916874124780739,0.30831258752192614,1,2.5500000000000003,nan,nan,nan,0,0,0.3,0.027940823646113486,0.0,0.0,0.0,0.9270205600426313,3.4024872352436466,3.58170849722228,nan,nan
goal_stop,smoother_only,response,0,0.0,0.0,1.0,0.6811387109728797,0.0,0.6811387109728797,0.3188612890271203,1,2.5,nan,nan,nan,0,0,0.3,0.02817041466950531,0.0,0.0,0.0,0.9119751924250659,3.426064179802779,3.5770056490946445,nan,nan
goal_stop,smoother_only,response,1,0.0,0.0,1.0,0.6924914572773483,0.0,0.6924914572773483,0.3075085427226517,1,2.5500000000000003,nan,nan,nan,0,0,0.3,0.02809369624516225,0.0,0.0,0.0,0.9545877843758254,3.4470867450342184,3.62367250090756,nan,nan
goal_stop,smoother_only,response,2,0.0,0.0,1.0,0.6803432121343134,0.0,0.6803432121343134,0.31965678786568663,1,2.5,nan,nan,nan,0,0,0.3,0.028246954374105522,0.0,0.0,0.0,0.9753556249352203,3.6788449200685136,3.94517234963132,nan,nan
goal_stop,smoother_only,response,3,0.0,0.0,1.0,0.6799119690860084,0.0,0.6799119690860084,0.32008803091399163,1,2.5,nan,nan,nan,0,0,0.3,0.028189753383481307,0.0,0.0,0.0,0.9552098193106247,3.488539339741692,3.6532036996504758,nan,nan
goal_stop,smoother_only,response,4,0.0,0.0,1.0,0.6818073524405294,0.0,0.6818073524405294,0.31819264755947063,1,2.5,nan,nan,nan,0,0,0.3,0.0281285610782039,0.0,0.0,0.0,0.9427162621733534,3.535798240409349,3.6898169501000666,nan,nan
goal_stop,smoother_only,response,5,0.0,0.0,1.0,0.6905706454189472,0.0,0.6905706454189472,0.3094293545810528,1,2.5500000000000003,nan,nan,nan,0,0,0.3,0.02832210395616448,0.0,0.0,0.0,0.9543661127756755,3.382041843567505,3.4663484984776005,nan,nan
goal_stop,smoother_only,response,6,0.0,0.0,1.0,0.692214948258705,0.0,0.692214948258705,0.307785051741295,1,2.5500000000000003,nan,nan,nan,0,0,0.3,0.028254984620538107,0.0,0.0,0.0,0.9556327495747531,3.4287130197209956,3.54973650064494,nan,nan
goal_stop,smoother_only,response,7,0.0,0.0,1.0,0.678570840761612,0.0,0.678570840761612,0.321429159238388,1,2.5,nan,nan,nan,0,0,0.3,0.027875803745031756,0.0,0.0,0.0,0.9469377303919408,3.465929179728846,3.5924808007621323,nan,nan
goal_stop,smoother_only,response,8,0.0,0.0,1.0,0.692033891003371,0.0,0.692033891003371,0.307966108996629,1,2.5500000000000003,nan,nan,nan,0,0,0.3,0.028074419531717187,0.0,0.0,0.0,0.9755990315687735,3.4917735296510406,3.6133800003881333,nan,nan
goal_stop,smoother_only,response,9,0.0,0.0,1.0,0.6803798579215862,0.0,0.6803798579215862,0.3196201420784138,1,2.5,nan,nan,nan,0,0,0.3,0.02785748842578524,0.0,0.0,0.0,0.9442819065434455,3.5193949197855545,3.6374231005538604,nan,nan
goal_stop,smoother_only,response,10,0.0,0.0,1.0,0.6917640394774022,0.0,0.6917640394774022,0.30823596052259783,1,2.5500000000000003,nan,nan,nan,0,0,0.3,0.028107596820884696,0.0,0.0,0.0,0.9629611990125572,3.426819823610405,3.5412474990152987,nan,nan
goal_stop,smoother_only,response,11,0.0,0.0,1.0,0.6799454508277764,0.0,0.6799454508277764,0.32005454917222365,1,2.5,nan,nan,nan,0,0,0.3,0.028020543294898937,0.0,0.0,0.0,0.9745477454112343,3.3892902397928992,3.518394150887616,nan,nan
goal_stop,smoother_only,response,12,0.0,0.0,1.0,0.6907630889915807,0.0,0.6907630889915807,0.3092369110084193,1,2.5500000000000003,nan,nan,nan,0,0,0.3,0.02805750532430946,0.0,0.0,0.0,0.9768470386819079,3.4051131565231083,3.529662499204278,nan,nan
goal_stop,smoother_only,response,13,0.0,0.0,1.0,0.6933696891967988,0.0,0.6933696891967988,0.30663031080320124,1,2.5500000000000003,nan,nan,nan,0,0,0.3,0.028216700993094455,0.0,0.0,0.0,0.9388492170813835,3.347893509664002,3.4016184999927646,nan,nan
goal_stop,smoother_only,response,14,0.0,0.0,1.0,0.6800334393262254,0.0,0.6800334393262254,0.3199665606737746,1,2.5,nan,nan,nan,0,0,0.3,0.027998584566019884,0.0,0.0,0.0,0.9873112794956315,3.379833940343815,3.4971611990840756,nan,nan
goal_stop,smoother_only,response,15,0.0,0.0,1.0,0.6794574425395629,0.0,0.6794574425395629,0.32054255746043714,1,2.5,nan,nan,nan,0,0,0.3,0.02787701863321941,0.0,0.0,0.0,0.9432292800326418,3.4095664000778925,3.524158399341104,nan,nan
goal_stop,smoother_only,response,16,0.0,0.0,1.0,0.6807936905085299,0.0,0.6807936905085299,0.3192063094914701,1,2.5,nan,nan,nan,0,0,0.3,0.028196234160665946,0.0,0.0,0.0,0.9404714024244241,3.372589020000305,3.4947960515637533,nan,nan
goal_stop,smoother_only,response,17,0.0,0.0,1.0,0.6796637631232822,0.0,0.6796637631232822,0.32033623687671775,1,2.5,nan,nan,nan,0,0,0.3,0.028071517322913575,0.0,0.0,0.0,0.9575295146280638,3.365514419710962,3.4402985002088826,nan,nan
goal_stop,smoother_only,response,18,0.0,0.0,1.0,0.6794935982910684,0.0,0.6794935982910684,0.32050640170893163,1,2.5,nan,nan,nan,0,0,0.3,0.02800650419875518,0.0,0.0,0.0,0.9507490893259087,3.3508329603500897,3.4215411007608054,nan,nan
goal_stop,smoother_only,response,19,0.0,0.0,1.0,0.6916874124780739,0.0,0.6916874124780739,0.30831258752192614,1,2.5500000000000003,nan,nan,nan,0,0,0.3,0.027940823646113486,0.0,0.0,0.0,0.9270205600426313,3.3572835097455775,3.421943500143243,nan,nan
goal_stop,mild,ideal,0,0.05,0.15,0.9,0.7463800138198387,0.0,0.7463800138198387,0.25361998618016135,1,2.8000000000000003,nan,nan,nan,0,0,0.2689917328548884,0.0307130241357721,0.028363593327500984,0.0030650111747017547,0.013427792568612887,0.9975943313744202,4.710692874985917,4.968581751199963,0.6180689090677621,0.2285714285714286
goal_stop,mild,ideal,1,0.05,0.15,0.9,0.7462122111799725,0.0,0.7462122111799725,0.2537877888200275,1,2.8000000000000003,nan,nan,nan,0,0,0.2690813152494531,0.030719924918061418,0.028356413005903688,0.0030648915663104032,0.013415261848662673,1.1006590259689717,4.529767446521354,4.783840502568637,0.6198642839328683,0.2435267857142857
goal_stop,mild,ideal,2,0.05,0.15,0.9,0.7445336874308033,0.0,0.7445336874308033,0.2554663125691967,1,2.8000000000000003,nan,nan,nan,0,0,0.2695947496357534,0.030656500469402753,0.028280072463721127,0.003057651083584863,0.013365418344315209,1.0413617698339515,4.1835348211602,4.268199249054305,0.6169211680328086,0.23281250000000003
goal_stop,mild,ideal,3,0.05,0.15,0.9,0.7424079253107266,0.0,0.7424079253107266,0.25759207468927336,1,2.8000000000000003,nan,nan,nan,0,0,0.26990548116076246,0.030511416877143708,0.02814040171360872,0.0030428247916762974,0.013286501238184395,1.0296444696400715,4.206103071088104,4.299590501432249,0.6167739363278015,0.23593749999999997
goal_stop,mild,ideal,4,0.05,0.15,0.9,0.7469678711160407,0.0,0.7469678711160407,0.2530321288839593,1,2.8000000000000003,nan,nan,nan,0,0,0.2710969205978848,0.03064441317495162,0.028480314099097737,0.003068458899976279,0.01351362142606971,1.0523702656285754,4.282701250109052,4.417725999701361,0.6166366242217219,0.23928571428571427
goal_stop,mild,ideal,5,0.05,0.15,0.9,0.7396356685593363,0.0,0.7396356685593363,0.26036433144066373,1,2.8000000000000003,nan,nan,nan,0,0,0.2676618912444837,0.03067144029100087,0.02816499159971136,0.003052502214993452,0.013343364988981728,1.062002235350636,4.349999875103094,4.431044499142445,0.6159617001361204,0.22767857142857142
goal_stop,mild,ideal,6,0.05,0.15,0.9,0.7429026248415951,0.0,0.7429026248415951,0.2570973751584049,1,2.8000000000000003,nan,nan,nan,0,0,0.26884880792270976,0.03070910941735204,0.02823151150328914,0.0030577242930062837,0.013365171559196117,1.0604432806683801,4.363745303570405,4.636295250747935,0.6157252817766786,0.23839285714285716
goal_stop,mild,ideal,7,0.05,0.15,0.9,0.7447045615953933,0.0,0.7447045615953933,0.25529543840460667,1,2.8000000000000003,nan,nan,nan,0,0,0.2685813097718615,0.03072373059586942,0.028315171388450484,0.0030628750118957596,0.013400743803130607,1.0490346887456767,4.413436678337997,4.778692498803139,0.617475555903357,0.2375
goal_stop,mild,ideal,8,0.05,0.15,0.9,0.747188718581386,0.0,0.747188718581386,0.252811281418614,1,2.8000000000000003,nan,nan,nan,0,0,0.26906805595105504,0.03127517968552953,0.028371753535819968,0.0030938146036688864,0.013480701730093884,1.123839419237498,4.555572321286101,4.627269248885568,0.6177041075348578,0.2252232142857143
goal_stop,mild,ideal,9,0.05,0.15,0.9,0.7465391905779049,0.0,0.7465391905779049,0.25346080942209515,1,2.8000000000000003,nan,nan,nan,0,0,0.27022616480677353,0.030653977369067498,0.028331902973067206,0.003059959250354712,0.013364786908736149,1.0419558786128904,4.426318071766998,4.74979150112631,0.6180618381542866,0.23660714285714285
goal_stop,mild,ideal,10,0.05,0.15,0.9,0.7427795433235233,0.0,0.7427795433235233,0.25722045667647675,1,2.8000000000000003,nan,nan,nan,0,0,0.2698219063083205,0.030505229669505078,0.028291298811656217,0.003051283081155429,0.013411596019962859,1.0696986598256364,4.6139956962178985,4.793850250280229,0.6169980552060245,0.24553571428571427
goal_stop,mild,ideal,11,0.05,0.15,0.9,0.7451850563817677,0.0,0.7451850563817677,0.2548149436182323,1,2.8000000000000003,nan,nan,nan,0,0,0.2705235433932059,0.030522945377366308,0.028381601003848383,0.0030570013969268292,0.013439560542986178,1.0689496566590067,4.654133928527569,4.743191500892863,0.6180544249051474,0.23883928571428573
goal_stop,mild,ideal,12,0.05,0.15,0.9,0.7426311351660474,0.0,0.7426311351660474,0.2573688648339526,1,2.8000000000000003,nan,nan,nan,0,0,0.26809770342871747,0.030718006216373564,0.028321798692448923,0.0030634826772426996,0.013447044590119075,1.0620095612734968,4.678298410648755,4.801185999895097,0.6158484421798306,0.22254464285714284
goal_stop,mild,ideal,13,0.05,0.15,0.9,0.7471774553923908,0.0,0.7471774553923908,0.2528225446076092,1,2.8000000000000003,nan,nan,nan,0,0,0.269504732686817,0.03127165855156792,0.028416772655662906,0.0030963576815359875,0.013520700011064257,1.0283341370933092,4.645655750014806,4.816434999156627,0.6187251849362754,0.23370535714285712
goal_stop,mild,ideal,14,0.05,0.15,0.9,0.7466013366968599,0.0,0.7466013366968599,0.2533986633031401,1,2.8000000000000003,nan,nan,nan,0,0,0.2691020587458917,0.030731913660885,0.028283544969381718,0.003060952729642208,0.013322227465861713,1.097783184627425,4.7086000715483225,4.947572500896058,0.6165621240139452,0.23973214285714287
goal_stop,mild,ideal,15,0.05,0.15,0.9,0.7487382125917638,0.0,0.7487382125917638,0.25126178740823624,1,2.8000000000000003,nan,nan,nan,0,0,0.26849315814096664,0.03127572391694639,0.02831137538016264,0.0030898940130724387,0.013399402935541375,1.0770490998332565,4.627495107342838,4.697270499491424,0.616419390387552,0.24129464285714283
goal_stop,mild,ideal,16,0.05,0.15,0.9,0.7456182088478507,0.0,0.7456182088478507,0.2543817911521493,1,2.8000000000000003,nan,nan,nan,0,0,0.2702021106595868,0.03068006061355827,0.028357322339862233,0.0030631821744411102,0.013428377559886412,1.0295139312296062,4.627843339221727,4.689452999627974,0.6177144975846852,0.24464285714285713
goal_stop,mild,ideal,17,0.05,0.15,0.9,0.7464196753603298,0.0,0.7464196753603298,0.2535803246396702,1,2.8000000000000003,nan,nan,nan,0,0,0.27132005662016573,0.030823123226744194,0.02834623310384159,0.0030692757928257952,0.013381381402535336,1.068975124772857,4.631655071404696,4.715941000540624,0.6150806654083476,0.23772321428571427
goal_stop,mild,ideal,18,0.05,0.15,0.9,0.7438790303477631,0.0,0.7438790303477631,0.25612096965223685,1,2.8000000000000003,nan,nan,nan,0,0,0.27009742472647935,0.030510267782152833,0.028414302780254252,0.0030586438131195506,0.013516944741405143,1.0540348665465382,4.641680268118113,4.733306501293555,0.615677979134896,0.24575892857142856
goal_stop,mild,ideal,19,0.05,0.15,0.9,0.7417005778157699,0.0,0.7417005778157699,0.2582994221842301,1,2.8000000000000003,nan,nan,nan,0,0,0.2684941546576512,0.03039104257289044,0.028143325140957423,0.0030373240190671802,0.013296539754322658,1.0023086599231255,4.639482482356731,4.737686250336992,0.6175399481680349,0.23883928571428573
goal_stop,mild,smoother,0,0.05,0.15,0.9,0.7331774724431255,0.0,0.7331774724431255,0.2668225275568745,1,3.0,nan,nan,nan,0,0,0.24557247895666434,0.027932811037897805,0.02685663476000589,0.0014439764388790989,0.006185273848223576,0.9265571237710989,3.309980783099794,3.36585959958029,nan,nan
goal_stop,mild,smoother,1,0.05,0.15,0.9,0.7330520320435889,0.0,0.7330520320435889,0.26694796795641107,1,3.0,nan,nan,nan,0,0,0.24591001803408374,0.028105788226322148,0.026974527378352833,0.0014505432079899307,0.006184885910027319,0.9781097933070091,3.3056834668968804,3.3700851014145883,nan,nan
goal_stop,mild,smoother,2,0.05,0.15,0.9,0.7338747973535423,0.0,0.7338747973535423,0.26612520264645767,1,3.0,nan,nan,nan,0,0,0.24759183430806553,0.02801900801174504,0.0270963106091278,0.0014579787944173775,0.006297658532538009,1.0065977113706335,3.3089542497085254,3.3540200000061304,nan,nan
goal_stop,mild,smoother,3,0.05,0.15,0.9,0.7327548846203957,0.0,0.7327548846203957,0.26724511537960427,1,3.0,nan,nan,nan,0,0,0.24570479700062683,0.0280123295704386,0.026908970072416032,0.0014469806065930443,0.006240715227114546,0.968114145837661,3.2964974666053117,3.3540337499289308,nan,nan
goal_stop,mild,smoother,4,0.05,0.15,0.9,0.7358848243538442,0.0,0.7358848243538442,0.26411517564615583,1,3.0,nan,nan,nan,0,0,0.247125432904075,0.02812068228751537,0.02699944353804142,0.0014513931220335318,0.006238151865137248,0.9729799618080535,3.290547099762383,3.33658649778954,nan,nan
goal_stop,mild,smoother,5,0.05,0.15,0.9,0.7298392862669288,0.0,0.7298392862669288,0.27016071373307116,1,3.0,nan,nan,nan,0,0,0.2450587702524011,0.028049547090143016,0.026870187946753808,0.0014452825187997041,0.006238971090909234,0.9693159427260547,3.2954081002268745,3.350829648661602,nan,nan
goal_stop,mild,smoother,6,0.05,0.15,0.9,0.7311305420166484,0.0,0.7311305420166484,0.2688694579833516,1,3.0,nan,nan,nan,0,0,0.24530978723703806,0.028004545591610138,0.026899829577458876,0.0014470068431134497,0.006178698825377231,0.997077947019062,3.305942183275571,3.3602631023313734,nan,nan
goal_stop,mild,smoother,7,0.05,0.15,0.9,0.7368449146930603,0.0,0.7368449146930603,0.26315508530693965,1,3.0,nan,nan,nan,0,0,0.2475715289250246,0.028475830105778272,0.027138941926080466,0.0014587248344832614,0.006024908948103428,1.024553647855673,3.32096051673337,3.399477599850797,nan,nan
goal_stop,mild,smoother,8,0.05,0.15,0.9,0.7342601760524258,0.0,0.7342601760524258,0.2657398239475742,1,3.0,nan,nan,nan,0,0,0.24678948046005975,0.028261822754528414,0.02704019450843539,0.0014537759290221964,0.006077049824175377,1.0402733709752292,3.306143666729137,3.375857253377035,nan,nan
goal_stop,mild,smoother,9,0.05,0.15,0.9,0.7351836703164665,0.0,0.7351836703164665,0.2648163296835335,1,3.0,nan,nan,nan,0,0,0.24722591119890006,0.028023269609008028,0.02699456551330246,0.0014513577941721342,0.00617923141577154,0.9702433543943356,3.2953122830804205,3.338717651240586,nan,nan
goal_stop,mild,smoother,10,0.05,0.15,0.9,0.7334955639400245,0.0,0.7334955639400245,0.26650443605997554,1,3.0,nan,nan,nan,0,0,0.2471186932612151,0.02817976735180353,0.027023480796259974,0.0014530724977867818,0.00611668472088173,1.0098241597679898,3.295571183116408,3.346167300151137,nan,nan
goal_stop,mild,smoother,11,0.05,0.15,0.9,0.7346742954260725,0.0,0.7346742954260725,0.26532570457392746,1,3.0,nan,nan,nan,0,0,0.2467500288213402,0.028033815190255065,0.027057750156446552,0.001455263970595946,0.006212478939752945,0.9973708205673912,3.3003162666015364,3.3620904987401445,nan,nan
goal_stop,mild,smoother,12,0.05,0.15,0.9,0.7319825271913215,0.0,0.7319825271913215,0.2680174728086785,1,3.0,nan,nan,nan,0,0,0.24533346104644338,0.02813672988605199,0.026887167258538774,0.0014455768017202517,0.006178786360029929,1.0147125869524518,3.303564983131461,3.36465404889168,nan,nan
goal_stop,mild,smoother,13,0.05,0.15,0.9,0.732925789118619,0.0,0.732925789118619,0.26707421088138095,1,3.0,nan,nan,nan,0,0,0.24683449161895746,0.027967713620040847,0.026995205583920663,0.0014520313705770093,0.006251314062416352,0.9536363584557683,3.3021842831658432,3.352927100240777,nan,nan
goal_stop,mild,smoother,14,0.05,0.15,0.9,0.734887655051574,0.0,0.734887655051574,0.26511234494842595,1,3.0,nan,nan,nan,0,0,0.24642842143969781,0.028132002382290175,0.026976487556560905,0.0014502290107551853,0.006148929019059505,1.0300334003594787,3.2729664500948275,3.335296897603257,nan,nan
goal_stop,mild,smoother,15,0.05,0.15,0.9,0.7344471402949603,0.0,0.7344471402949603,0.2655528597050397,1,3.0,nan,nan,nan,0,0,0.2467621635856967,0.027969849875614808,0.026989043472708408,0.001451268907008702,0.006209644874744012,0.9916822011260307,3.2997922163000717,3.3508305983559694,nan,nan
goal_stop,mild,smoother,16,0.05,0.15,0.9,0.7347387412705064,0.0,0.7347387412705064,0.2652612587294936,1,3.0,nan,nan,nan,0,0,0.24734027503192327,0.02809548489228353,0.027013931505705798,0.0014526217841821809,0.0061948924544904345,0.9768096476639399,3.295401216564642,3.341955051291734,nan,nan
goal_stop,mild,smoother,17,0.05,0.15,0.9,0.7352061011634302,0.0,0.7352061011634302,0.2647938988365698,1,3.0,nan,nan,nan,0,0,0.24723382021616372,0.028320306298837736,0.027027831089933518,0.0014530042453570588,0.006102966747873016,0.9880800350546769,3.3470243669701936,3.450337701542594,nan,nan
goal_stop,mild,smoother,18,0.05,0.15,0.9,0.7344692354846954,0.0,0.7344692354846954,0.26553076451530455,1,3.0,nan,nan,nan,0,0,0.2468218296077459,0.028004307870243588,0.02704150553149669,0.0014543408950907046,0.006211204161155541,0.9683283901844975,3.303631700024804,3.3617900002354872,nan,nan
goal_stop,mild,smoother,19,0.05,0.15,0.9,0.7335837343592119,0.0,0.7335837343592119,0.26641626564078813,1,3.0,nan,nan,nan,0,0,0.24588646186875354,0.028190554620305206,0.026955296198941665,0.0014491191092144509,0.006129501934642082,0.9655894809064841,3.354493200095021,3.4894538519438356,nan,nan
goal_stop,mild,response,0,0.05,0.15,0.9,0.7257083456666892,0.0,0.7257083456666892,0.2742916543333108,1,3.0,nan,nan,nan,0,0,0.2429472340452917,0.027420912095601945,0.026586704300393248,0.0,0.0,0.9202873290568498,3.5726379333330747,3.689086601480085,nan,nan
goal_stop,mild,response,1,0.05,0.15,0.9,0.7255453633102641,0.0,0.7255453633102641,0.2744546366897359,1,3.0,nan,nan,nan,0,0,0.24325736914362228,0.027591637202484465,0.026704785494832826,0.0,0.0,0.9696125482673611,3.5301580167166926,3.6153199000182212,nan,nan
goal_stop,mild,response,2,0.05,0.15,0.9,0.7265337694814582,0.0,0.7265337694814582,0.2734662305185418,1,3.0,nan,nan,nan,0,0,0.24493603318329552,0.0275023961316168,0.026824978350024443,0.0,0.0,0.9983810203435206,3.5047984002327817,3.57215264957631,nan,nan
goal_stop,mild,response,3,0.05,0.15,0.9,0.725442255733679,0.0,0.725442255733679,0.27455774426632096,1,3.0,nan,nan,nan,0,0,0.2430706125945682,0.02750096237950821,0.026646070374296064,0.0,0.0,0.9586083428537602,3.5623657332810885,3.7540199993600254,nan,nan
goal_stop,mild,response,4,0.05,0.15,0.9,0.7285444401643593,0.0,0.7285444401643593,0.27145555983564074,1,3.0,nan,nan,nan,0,0,0.24449092915916282,0.027608214016262952,0.026731962630527375,0.0,0.0,0.9625077438647698,3.507094399780423,3.6017755495777237,nan,nan
goal_stop,mild,response,5,0.05,0.15,0.9,0.7347107084178389,0.0,0.7347107084178389,0.2652892915821611,1,3.0500000000000003,nan,nan,nan,0,0,0.24262675637132883,0.027557918399690403,0.0268011067606508,0.0,0.0,0.9606399678314181,3.4918809509630977,3.5337450026418082,nan,nan
goal_stop,mild,response,6,0.05,0.15,0.9,0.7237259818958754,0.0,0.7237259818958754,0.27627401810412455,1,3.0,nan,nan,nan,0,0,0.24278524476252622,0.027494395072209583,0.026632058727106885,0.0,0.0,0.9877886377504848,3.4493690331146354,3.5121004500979325,nan,nan
goal_stop,mild,response,7,0.05,0.15,0.9,0.72945363277492,0.0,0.72945363277492,0.27054636722507996,1,3.0,nan,nan,nan,0,0,0.24504988413075401,0.027953962278049117,0.026872055766265206,0.0,0.0,1.018813680117546,3.490815732826983,3.5413105488260044,nan,nan
goal_stop,mild,response,8,0.05,0.15,0.9,0.7268557101960011,0.0,0.7268557101960011,0.27314428980399885,1,3.0,nan,nan,nan,0,0,0.24424168496945917,0.02774202691904643,0.02677115085796147,0.0,0.0,1.0300871909509735,3.4973710169651895,3.5702713003047393,nan,nan
goal_stop,mild,response,9,0.05,0.15,0.9,0.727807081776096,0.0,0.727807081776096,0.272192918223904,1,3.0,nan,nan,nan,0,0,0.24466087935944567,0.02751134622836231,0.02672911340189364,0.0,0.0,0.9633231361770087,3.4924850998019488,3.5400544496951625,nan,nan
goal_stop,mild,response,10,0.05,0.15,0.9,0.7260761561011441,0.0,0.7260761561011441,0.27392384389885593,1,3.0,nan,nan,nan,0,0,0.2445026979308024,0.02765760542155708,0.026756510773853447,0.0,0.0,1.0002187453665132,3.5084142834117906,3.6187197525578085,nan,nan
goal_stop,mild,response,11,0.05,0.15,0.9,0.7272634610003104,0.0,0.7272634610003104,0.27273653899968964,1,3.0,nan,nan,nan,0,0,0.24405471418919147,0.027508025686607315,0.0267829381676941,0.0,0.0,0.9869350285984857,3.690412166664222,3.854380949269398,nan,nan
goal_stop,mild,response,12,0.05,0.15,0.9,0.7245806265478303,0.0,0.7245806265478303,0.2754193734521697,1,3.0,nan,nan,nan,0,0,0.24272046788752522,0.027613185399026997,0.02661452867819003,0.0,0.0,1.0079643318768747,3.7347665830869423,3.8927802497710218,nan,nan
goal_stop,mild,response,13,0.05,0.15,0.9,0.7255741561164909,0.0,0.7255741561164909,0.2744258438835091,1,3.0,nan,nan,nan,0,0,0.2442715914998212,0.027452455065377086,0.026728549924477922,0.0,0.0,0.9477875089545429,3.6990742166381096,4.04898465021688,nan,nan
goal_stop,mild,response,14,0.05,0.15,0.9,0.7274824648849347,0.0,0.7274824648849347,0.27251753511506527,1,3.0,nan,nan,nan,0,0,0.24386188723413207,0.02762040831888968,0.026709881920701086,0.0,0.0,1.0225094942793853,3.724459366761342,3.8197811982172425,nan,nan
goal_stop,mild,response,15,0.05,0.15,0.9,0.7270480942165228,0.0,0.7270480942165228,0.27295190578347717,1,3.0,nan,nan,nan,0,0,0.2442189409559954,0.02744215391426201,0.0267147249336614,0.0,0.0,0.9845453109006049,3.6055948832654394,3.8097152495538467,nan,nan
goal_stop,mild,response,16,0.05,0.15,0.9,0.7272919363544854,0.0,0.7272919363544854,0.2727080636455146,1,3.0,nan,nan,nan,0,0,0.2447772034434546,0.02756220275861008,0.026744929875541855,0.0,0.0,0.9691595008655114,3.6304962498737345,3.811489450527006,nan,nan
goal_stop,mild,response,17,0.05,0.15,0.9,0.727849618129215,0.0,0.727849618129215,0.272150381870785,1,3.0,nan,nan,nan,0,0,0.24470998604031416,0.027796901392486025,0.026760056765264318,0.0,0.0,0.9801058650324541,3.597714416537201,3.7234287505270913,nan,nan
goal_stop,mild,response,18,0.05,0.15,0.9,0.7271772783458138,0.0,0.7271772783458138,0.2728227216541862,1,3.0,nan,nan,nan,0,0,0.24419619010619936,0.02749262503201287,0.026773059998565496,0.0,0.0,0.958953409411447,3.6329829000654477,3.7473076021342417,nan,nan
goal_stop,mild,response,19,0.05,0.15,0.9,0.7261646128591009,0.0,0.7261646128591009,0.27383538714089906,1,3.0,nan,nan,nan,0,0,0.24325614488572933,0.027671200827225576,0.026687816805561745,0.0,0.0,0.9588037056312942,3.5847498667862965,3.720849150158756,nan,nan
goal_stop,stress,ideal,0,0.1,0.45,1.0,0.8576848713359863,0.0,0.8576848713359863,0.14231512866401375,1,2.9000000000000004,nan,nan,nan,0,0,0.29593490418232965,0.03057466554804835,0.051887819146035984,0.004245711394898294,0.01499874908869822,0.9986795100147969,4.604970534085718,4.764102949411608,0.577065364992266,0.20344827586206898
goal_stop,stress,ideal,1,0.1,0.45,1.0,0.8586011215231474,0.0,0.8586011215231474,0.14139887847685262,1,2.9000000000000004,nan,nan,nan,0,0,0.2959202738934271,0.030731571494825163,0.05205815519878613,0.004262329447378368,0.014987128550902777,1.104267109357819,4.730125844585489,5.016853897905094,0.5787531821611489,0.21465517241379312
goal_stop,stress,ideal,2,0.1,0.45,1.0,0.8619434944264714,0.0,0.8619434944264714,0.13805650557352855,1,2.9000000000000004,nan,nan,nan,0,0,0.2966506023945226,0.03147272725128118,0.052100591127327504,0.004301755223715152,0.014995493510928652,1.0627522100088092,4.816523999736468,5.171236498790677,0.5759205151745393,0.20474137931034483
goal_stop,stress,ideal,3,0.1,0.45,1.0,0.8549794196337142,0.0,0.8549794196337142,0.14502058036628585,1,2.9000000000000004,nan,nan,nan,0,0,0.2937019812302699,0.030672888488201846,0.05160173071385977,0.004234984434882018,0.014853341043309654,1.0393344936069613,4.77895327558458,4.977494849481445,0.5760310048251075,0.20452586206896553
goal_stop,stress,ideal,4,0.1,0.45,1.0,0.85842872909729,0.0,0.85842872909729,0.14157127090271004,1,2.9000000000000004,nan,nan,nan,0,0,0.2978535022435996,0.030550800714606505,0.05219258074614084,0.004260557234850082,0.015046183957494118,1.0556471851936307,4.741605258584905,4.8895346522840555,0.5756513973129799,0.20862068965517244
goal_stop,stress,ideal,5,0.1,0.45,1.0,0.8499970146947948,0.0,0.8499970146947948,0.15000298530520517,1,2.9000000000000004,nan,nan,nan,0,0,0.2946854152005132,0.030571148661319793,0.05166560551858896,0.004234056329259202,0.014897906634853426,1.0630174536334782,4.82760156886923,5.122495501382218,0.5753275737058189,0.2
goal_stop,stress,ideal,6,0.1,0.45,1.0,0.8554843569515549,0.0,0.8554843569515549,0.1445156430484451,1,2.9000000000000004,nan,nan,nan,0,0,0.29408280466522185,0.030904350689973638,0.051808275199771076,0.00425770053420727,0.01488232694694769,1.0957200039297714,4.931003500038561,5.151601199941069,0.5748152798785794,0.20538793103448275
goal_stop,stress,ideal,7,0.1,0.45,1.0,0.856046268227806,0.0,0.856046268227806,0.14395373177219395,1,2.9000000000000004,nan,nan,nan,0,0,0.29535558534761885,0.030636305226159545,0.051925903208634105,0.004250203245884366,0.01495070650874581,1.0528448170002935,5.0660250002818366,5.250526151212398,0.576568552219956,0.21034482758620687
goal_stop,stress,ideal,8,0.1,0.45,1.0,0.8551857669502398,0.0,0.8551857669502398,0.14481423304976015,1,2.9000000000000004,nan,nan,nan,0,0,0.2968256182288253,0.0305797532181854,0.052084648947091444,0.004255584369525215,0.015023590387434768,1.1264496057515752,4.926121120723988,5.117724001138413,0.5770352267533793,0.1997844827586207
goal_stop,stress,ideal,9,0.1,0.45,1.0,0.8573230007471059,0.0,0.8573230007471059,0.14267699925289412,1,2.9000000000000004,nan,nan,nan,0,0,0.29609005476897865,0.030424398444196477,0.051976537513472955,0.004242779030659388,0.014956792936540165,1.0419568723806107,4.8045003273602624,4.979049948451575,0.5768458856155877,0.20646551724137935
goal_stop,stress,ideal,10,0.1,0.45,1.0,0.8544777011730437,0.0,0.8544777011730437,0.14552229882695633,1,2.9000000000000004,nan,nan,nan,0,0,0.2965463056033997,0.030508681538611353,0.05195087523670144,0.004245971182113104,0.014978560725390456,1.0760906609446164,4.723277000297896,4.956990350183332,0.5760562448652378,0.2105603448275862
goal_stop,stress,ideal,11,0.1,0.45,1.0,0.8612808657858623,0.0,0.8612808657858623,0.13871913421413773,1,2.9000000000000004,nan,nan,nan,0,0,0.296851948734014,0.031167716384937528,0.05214189581502435,0.004288234849050341,0.014990762356933302,1.0842335879436664,4.852749793168061,5.134927351173246,0.5770005232587636,0.2101293103448276
goal_stop,stress,ideal,12,0.1,0.45,1.0,0.8597157447923128,0.0,0.8597157447923128,0.14028425520768717,1,2.9000000000000004,nan,nan,nan,0,0,0.296480680549408,0.03151131641196509,0.051899284013543726,0.004292958281542253,0.014995385041146522,1.0823485064713605,4.871319655272789,5.114183848854736,0.5756106767295042,0.19568965517241382
goal_stop,stress,ideal,13,0.1,0.45,1.0,0.8556798219271736,0.0,0.8556798219271736,0.14432017807282638,1,2.9000000000000004,nan,nan,nan,0,0,0.29710713828589735,0.03061029643761998,0.05207827559828394,0.0042577362566302785,0.015038661720660212,1.0283387257160261,4.7473543104545035,4.963797047457774,0.5775850550719109,0.21142241379310345
goal_stop,stress,ideal,14,0.1,0.45,1.0,0.85882456249796,0.0,0.85882456249796,0.14117543750203998,1,2.9000000000000004,nan,nan,nan,0,0,0.2954379983722,0.030688674740557174,0.05200055684843648,0.004257066820732244,0.014952767371872872,1.0979789045287287,4.729969362446793,4.900366449510329,0.5759955706037833,0.21336206896551724
goal_stop,stress,ideal,15,0.1,0.45,1.0,0.8609954013454899,0.0,0.8609954013454899,0.1390045986545101,1,2.9000000000000004,nan,nan,nan,0,0,0.29640223183598674,0.031175402405033026,0.05216701434161239,0.004289019779673597,0.015006661334108965,1.083219149004122,4.6815701552359625,4.752433448629745,0.5754609607928977,0.21142241379310345
goal_stop,stress,ideal,16,0.1,0.45,1.0,0.8616283917806,0.0,0.8616283917806,0.13837160821939998,1,2.9000000000000004,nan,nan,nan,0,0,0.2972936285769058,0.03129704637548729,0.05220428100472585,0.0042981399295336205,0.01501223328174797,1.0463101954423701,4.582536361967555,4.771947849803837,0.5767839347894581,0.20883620689655175
goal_stop,stress,ideal,17,0.1,0.45,1.0,0.8585040677399005,0.0,0.8585040677399005,0.1414959322600995,1,2.9000000000000004,nan,nan,nan,0,0,0.2973603297146041,0.030773176508157103,0.052277105685069034,0.004275772206673903,0.01499149117831508,1.0697135162229978,4.695342086365442,4.7718847505166195,0.5741667155492107,0.2105603448275862
goal_stop,stress,ideal,18,0.1,0.45,1.0,0.8573351563453118,0.0,0.8573351563453118,0.14266484365468823,1,2.9000000000000004,nan,nan,nan,0,0,0.297338134354384,0.03068042248726279,0.05212537735971812,0.004263137908916668,0.015056961903728091,1.0732148532764674,4.704149414151446,4.80914334730187,0.5748616643764755,0.21724137931034482
goal_stop,stress,ideal,19,0.1,0.45,1.0,0.8597239085289802,0.0,0.8597239085289802,0.14027609147101983,1,2.9000000000000004,nan,nan,nan,0,0,0.2937313678550952,0.03142230346054646,0.05190199282942382,0.004287118968057702,0.014848664033094773,1.0370129334500355,4.718981241427988,4.864674950658809,0.576181306515764,0.21034482758620687
goal_stop,stress,smoother,0,0.1,0.45,1.0,0.829576327015293,0.0,0.829576327015293,0.17042367298470695,1,3.0500000000000003,nan,nan,nan,0,0,0.2710487384554478,0.028185984050014875,0.04758724499218819,0.002491864334968529,0.009849697009274875,0.9417475044981227,3.4835837213904597,3.600672000175109,nan,nan
goal_stop,stress,smoother,1,0.1,0.45,1.0,0.8410554135127798,0.0,0.8410554135127798,0.1589445864872202,1,3.1,nan,nan,nan,0,0,0.27092627797685026,0.028089229391470967,0.04752581313488998,0.0024884796103205337,0.009545134811040338,0.9878806363347246,3.485842967899272,3.614893398116692,nan,nan
goal_stop,stress,smoother,2,0.1,0.45,1.0,0.8299593965117441,0.0,0.8299593965117441,0.1700406034882559,1,3.0500000000000003,nan,nan,nan,0,0,0.2730068020435123,0.028202112385883816,0.04789199286827803,0.002507358889567007,0.009729941807666698,1.0175839738189598,3.384254213370532,3.437494997342583,nan,nan
goal_stop,stress,smoother,3,0.1,0.45,1.0,0.8292225501427566,0.0,0.8292225501427566,0.1707774498572434,1,3.0500000000000003,nan,nan,nan,0,0,0.27092334302288035,0.028264353729004328,0.0476020353829609,0.00249209161262125,0.009665125381897519,0.9832355953516045,3.342789049130544,3.432797999266768,nan,nan
goal_stop,stress,smoother,4,0.1,0.45,1.0,0.8309605462491265,0.0,0.8309605462491265,0.16903945375087348,1,3.0500000000000003,nan,nan,nan,0,0,0.27228486191101137,0.028105671374980646,0.0477591883871519,0.0025009683858234506,0.009707320611721205,0.9729799618080531,3.382295967446121,3.4927220003737602,nan,nan
goal_stop,stress,smoother,5,0.1,0.45,1.0,0.837533523529529,0.0,0.837533523529529,0.16246647647047097,1,3.1,nan,nan,nan,0,0,0.27086818101114574,0.028063975188588705,0.04750966113748421,0.0024878849065160667,0.009613691011671725,0.9704711349357749,3.3589988064294074,3.4555354501208058,nan,nan
goal_stop,stress,smoother,6,0.1,0.45,1.0,0.8402471642197193,0.0,0.8402471642197193,0.15975283578028066,1,3.1,nan,nan,nan,0,0,0.27073158589262475,0.02820963608383161,0.04759934077372596,0.0024921412391576453,0.009640582987137665,1.0093833765523499,3.3328598871570825,3.4363863507678616,nan,nan
goal_stop,stress,smoother,7,0.1,0.45,1.0,0.8298403160196426,0.0,0.8298403160196426,0.1701596839803574,1,3.0500000000000003,nan,nan,nan,0,0,0.27262723767463326,0.02810076260694212,0.04798439381265859,0.002511343573066138,0.009613479024324958,1.024553647855673,3.3729800980225146,3.464901998086134,nan,nan
goal_stop,stress,smoother,8,0.1,0.45,1.0,0.8404412929309406,0.0,0.8404412929309406,0.1595587070690594,1,3.1,nan,nan,nan,0,0,0.2722267846395469,0.027897970967872988,0.04784830910759977,0.0025045528725522862,0.009712533218115424,1.0402733709752294,3.3323583710655162,3.4083410011589876,nan,nan
goal_stop,stress,smoother,9,0.1,0.45,1.0,0.8297807452518596,0.0,0.8297807452518596,0.17021925474814037,1,3.0500000000000003,nan,nan,nan,0,0,0.2712957169652882,0.02796496263741761,0.047585365390219715,0.0024916216104594446,0.009554043137582182,0.9702433543943348,3.334003245922237,3.403357000934193,nan,nan
goal_stop,stress,smoother,10,0.1,0.45,1.0,0.8405301447913984,0.0,0.8405301447913984,0.15946985520860157,1,3.1,nan,nan,nan,0,0,0.2725771145255986,0.027945613639226066,0.04788990108643095,0.0025072372924069227,0.009645058436926738,1.0098241597679898,3.4890488547511445,3.6122361507295864,nan,nan
goal_stop,stress,smoother,11,0.1,0.45,1.0,0.8295342746772283,0.0,0.8295342746772283,0.1704657253227717,1,3.0500000000000003,nan,nan,nan,0,0,0.2723002333876507,0.028020619501530602,0.04773386120600646,0.0024997280559330036,0.009581103620936239,0.9973708205673921,3.4204504590888973,3.537958000379149,nan,nan
goal_stop,stress,smoother,12,0.1,0.45,1.0,0.8397787170493921,0.0,0.8397787170493921,0.1602212829506079,1,3.1,nan,nan,nan,0,0,0.2709453931119456,0.028061773571181153,0.04754645712944044,0.002489085506166591,0.009594176368659627,1.021268895852364,3.3968990967203414,3.502435501468426,nan,nan
goal_stop,stress,smoother,13,0.1,0.45,1.0,0.8428078376962111,0.0,0.8428078376962111,0.15719216230378885,1,3.1,nan,nan,nan,0,0,0.2722459093999708,0.02819444406411376,0.04771620099494405,0.002498651244955134,0.009649125536819472,0.9672401851001428,3.3537427738807426,3.466419850155944,nan,nan
goal_stop,stress,smoother,14,0.1,0.45,1.0,0.8302033941465905,0.0,0.8302033941465905,0.1697966058534095,1,3.0500000000000003,nan,nan,nan,0,0,0.27153364007760505,0.028166079505021833,0.04771775058763791,0.0024981340796589257,0.009608090147315788,1.0320780277233779,3.2931323773676118,3.412703001231421,nan,nan
goal_stop,stress,smoother,15,0.1,0.45,1.0,0.8296900289594242,0.0,0.8296900289594242,0.17030997104057577,1,3.0500000000000003,nan,nan,nan,0,0,0.2718916969673057,0.028017389050762637,0.04770259234123628,0.0024981559285076694,0.009755855794190131,0.9945345516349009,3.4044582134811208,3.5302220021549147,nan,nan
goal_stop,stress,smoother,16,0.1,0.45,1.0,0.8293939276680865,0.0,0.8293939276680865,0.1706060723319135,1,3.0500000000000003,nan,nan,nan,0,0,0.2726099927278492,0.028053442328272223,0.04788911257023142,0.002507012975352557,0.009626140723405913,0.9768096476639396,3.3377733277314396,3.4277349986950867,nan,nan
goal_stop,stress,smoother,17,0.1,0.45,1.0,0.8297550539534289,0.0,0.8297550539534289,0.17024494604657114,1,3.0500000000000003,nan,nan,nan,0,0,0.27200488902609693,0.028227898263369956,0.04788158921127403,0.002506477411521775,0.009639721006999067,0.9880800350546763,3.533700573795807,3.689665001729736,nan,nan
goal_stop,stress,smoother,18,0.1,0.45,1.0,0.829821753783249,0.0,0.829821753783249,0.17017824621675104,1,3.0500000000000003,nan,nan,nan,0,0,0.272526948661214,0.028060952927600875,0.04772644073808544,0.002499710966521031,0.009604995380813705,0.9717270936259341,3.4652377048661918,3.596787002607016,nan,nan
goal_stop,stress,smoother,19,0.1,0.45,1.0,0.8411878476455461,0.0,0.8411878476455461,0.1588121523544539,1,3.1,nan,nan,nan,0,0,0.27073722956958796,0.028051491047717026,0.04757366028540336,0.0024907256642685478,0.009549769220350598,0.9655894809064833,3.3219363548625784,3.3855118499559467,nan,nan
goal_stop,stress,response,0,0.1,0.45,1.0,0.8253804088761901,0.0,0.8253804088761901,0.17461959112380987,1,3.1,nan,nan,nan,0,0,0.26519533638210774,0.027169116347025266,0.046609969127000286,0.0,0.0,0.9314865446246428,3.513240145219888,3.556514198317018,nan,nan
goal_stop,stress,response,1,0.1,0.45,1.0,0.8360844995872706,0.0,0.8360844995872706,0.1639155004127294,1,3.1500000000000004,nan,nan,nan,0,0,0.2651393029573464,0.027028053328855953,0.0465078770750169,0.0,0.0,0.9752426672641548,3.519166698612343,3.611435900165816,nan,nan
goal_stop,stress,response,2,0.1,0.45,1.0,0.8258811273211353,0.0,0.8258811273211353,0.17411887267886472,1,3.1,nan,nan,nan,0,0,0.26723027430700885,0.027165364129855055,0.0468801709204181,0.0,0.0,1.0035520250977377,3.663340339053614,3.8997515022856533,nan,nan
goal_stop,stress,response,3,0.1,0.45,1.0,0.8250606565169146,0.0,0.8250606565169146,0.17493934348308537,1,3.1,nan,nan,nan,0,0,0.2654923273911381,0.02720493674365814,0.04666367239252243,0.0,0.0,0.9674477389515124,3.7765724032543666,3.8891391994184232,nan,nan
goal_stop,stress,response,4,0.1,0.45,1.0,0.826682838958993,0.0,0.826682838958993,0.17331716104100703,1,3.1,nan,nan,nan,0,0,0.2665327033184049,0.02705425856443203,0.04675471121669408,0.0,0.0,0.9559830139153322,3.772226806177059,3.8844555985633633,nan,nan
goal_stop,stress,response,5,0.1,0.45,1.0,0.8342552001775495,0.0,0.8342552001775495,0.1657447998224505,1,3.1500000000000004,nan,nan,nan,0,0,0.2652178134738166,0.027187049243478367,0.04651311405342529,0.0,0.0,0.9589375394147028,3.6903578252277507,3.800023098665406,nan,nan
goal_stop,stress,response,6,0.1,0.45,1.0,0.8358338553695899,0.0,0.8358338553695899,0.16416614463041013,1,3.1500000000000004,nan,nan,nan,0,0,0.2649706075284476,0.027202591946962916,0.046588792053327784,0.0,0.0,0.9954380373741089,3.6753574760431156,3.824993299349444,nan,nan
goal_stop,stress,response,7,0.1,0.45,1.0,0.8267846633851839,0.0,0.8267846633851839,0.17321533661481614,1,3.1,nan,nan,nan,0,0,0.26717260882937627,0.027204794686830316,0.047020720349859366,0.0,0.0,1.0182192420697262,3.673660903469652,3.8293300009172526,nan,nan
goal_stop,stress,response,8,0.1,0.45,1.0,0.8369820146890053,0.0,0.8369820146890053,0.16301798531099465,1,3.1500000000000004,nan,nan,nan,0,0,0.266458605080089,0.027035245796694595,0.046838031136584996,0.0,0.0,1.028566888654268,3.549423031746835,3.717306797625497,nan,nan
goal_stop,stress,response,9,0.1,0.45,1.0,0.8274296763421555,0.0,0.8274296763421555,0.17257032365784453,1,3.1,nan,nan,nan,0,0,0.2659330739792555,0.027196610643744266,0.04667813660224395,0.0,0.0,0.9694488011825325,3.5437957903336463,3.662102602174855,nan,nan
goal_stop,stress,response,10,0.1,0.45,1.0,0.8376171293735556,0.0,0.8376171293735556,0.1623828706264444,1,3.1500000000000004,nan,nan,nan,0,0,0.2668519788172414,0.027144213264460638,0.046909845169874974,0.0,0.0,1.0027823820841513,3.5186377299107825,3.617282300183433,nan,nan
goal_stop,stress,response,11,0.1,0.45,1.0,0.8261737077256145,0.0,0.8261737077256145,0.1738262922743855,1,3.1,nan,nan,nan,0,0,0.26647575314660815,0.027110058350956926,0.0467096854082527,0.0,0.0,0.9829414555490532,3.5302674677363792,3.624554301313765,nan,nan
goal_stop,stress,response,12,0.1,0.45,1.0,0.8353598199876875,0.0,0.8353598199876875,0.1646401800123125,1,3.1500000000000004,nan,nan,nan,0,0,0.26515201543870004,0.027057062226967656,0.04652849852982618,0.0,0.0,1.0099622100310754,3.689634047958183,3.8519279019965325,nan,nan
goal_stop,stress,response,13,0.1,0.45,1.0,0.8256218983340583,0.0,0.8256218983340583,0.1743781016659417,1,3.1,nan,nan,nan,0,0,0.2664997245180328,0.02724018279099593,0.046722683967961816,0.0,0.0,0.9570701984997452,3.7735974838142283,4.261914898779651,nan,nan
goal_stop,stress,response,14,0.1,0.45,1.0,0.8259715771576663,0.0,0.8259715771576663,0.17402842284233366,1,3.1,nan,nan,nan,0,0,0.2659121675272933,0.027128131742402563,0.04673686146122078,0.0,0.0,1.0188206149958245,3.562639096637741,3.774791400428512,nan,nan
goal_stop,stress,response,15,0.1,0.45,1.0,0.8253169611666417,0.0,0.8253169611666417,0.17468303883335834,1,3.1,nan,nan,nan,0,0,0.2661481384712321,0.026949077612295102,0.04668863419619583,0.0,0.0,0.9821910410178392,3.775985016017653,3.9213438001752365,nan,nan
goal_stop,stress,response,16,0.1,0.45,1.0,0.8265546666086293,0.0,0.8265546666086293,0.1734453333913707,1,3.1,nan,nan,nan,0,0,0.2668637037670474,0.027208507215007664,0.04692412603207789,0.0,0.0,0.9712609125647361,3.758729225908962,3.880756798753282,nan,nan
goal_stop,stress,response,17,0.1,0.45,1.0,0.8273102252744029,0.0,0.8273102252744029,0.1726897747255971,1,3.1,nan,nan,nan,0,0,0.26692642136345307,0.02741154098350044,0.04697146463356526,0.0,0.0,0.9825602367985133,3.626442693559746,3.744910950445046,nan,nan
goal_stop,stress,response,18,0.1,0.45,1.0,0.8251719024035222,0.0,0.8251719024035222,0.17482809759647777,1,3.1,nan,nan,nan,0,0,0.2667781983023834,0.02694701978269493,0.04670970007196177,0.0,0.0,0.9562947614034838,3.700587596481895,3.848451301928435,nan,nan
goal_stop,stress,response,19,0.1,0.45,1.0,0.823851753205156,0.0,0.823851753205156,0.17614824679484398,1,3.1,nan,nan,nan,0,0,0.26498378604319756,0.027089555899828418,0.046556796673730076,0.0,0.0,0.953382825050318,3.75574362929441,3.8389750514397747,nan,nan
wall_stop,smoother_only,ideal,0,0.0,0.0,1.0,0.538230080881691,0.0,0.538230080881691,0.311769919118309,1,1.85,nan,0.4617699191183089,0.3617699191183089,0,0,0.3070768519194887,0.02999021489567656,0.0,0.0014995107447838287,0.0088432291047062,0.8992174249265481,15.26602491887044,16.55557340127416,0.6403976838708676,0.2368243243243243
wall_stop,smoother_only,ideal,1,0.0,0.0,1.0,0.5384251346363335,0.0,0.5384251346363335,0.3115748653636665,1,1.85,nan,0.46157486536366665,0.3615748653636667,0,0,0.3082071449774699,0.029967836020107958,0.0,0.0014983918010053985,0.008838952557933603,0.9696381223072958,15.022038919276973,16.55856739889714,0.6412250527169878,0.23851351351351355
wall_stop,smoother_only,ideal,2,0.0,0.0,1.0,0.535707576634889,0.0,0.535707576634889,0.314292423365111,1,1.85,nan,0.4642924233651109,0.3642924233651109,0,0,0.3008943341217036,0.029844885786947085,0.0,0.0014922442893473547,0.00863114292776963,0.9353609906118472,15.278461945756037,16.338685998198343,0.6425596632103918,0.23513513513513518
wall_stop,smoother_only,ideal,3,0.0,0.0,1.0,0.5375778147386114,0.0,0.5375778147386114,0.31242218526138854,1,1.85,nan,0.46242218526138856,0.3624221852613886,0,0,0.30606825175465935,0.029902607488634568,0.0,0.0014951303744317281,0.008690582657902856,0.935613323121383,14.94237751378662,15.638024199870415,0.6409555843360881,0.22567567567567567
wall_stop,smoother_only,ideal,4,0.0,0.0,1.0,0.5387161872262538,0.0,0.5387161872262538,0.31128381277374617,1,1.85,nan,0.4612838127737462,0.3612838127737462,0,0,0.3046404268784198,0.030027390572045645,0.0,0.0015013695286022828,0.00900463988909023,0.9190199907465436,14.828670107817743,15.492718201130629,0.6400718686719423,0.24222972972972973
wall_stop,smoother_only,ideal,5,0.0,0.0,1.0,0.5338322903439776,0.0,0.5338322903439776,0.31616770965602237,1,1.85,nan,0.4661677096560224,0.3661677096560224,0,0,0.30051953398901504,0.030049108818053984,0.0,0.0015024554409026997,0.008854839680473802,0.9432837512843458,14.862375459661298,16.05744159896858,0.6420893769559997,0.23175675675675675
wall_stop,smoother_only,ideal,6,0.0,0.0,1.0,0.5375148366305609,0.0,0.5375148366305609,0.3124851633694391,1,1.85,nan,0.4624851633694391,0.36248516336943915,0,0,0.3060953147735616,0.03013969964318589,0.0,0.0015069849821592943,0.008962686006003199,0.9296254508028624,14.877915783447836,15.643493999232305,0.6399379155501279,0.24087837837837842
wall_stop,smoother_only,ideal,7,0.0,0.0,1.0,0.5385747900148588,0.0,0.5385747900148588,0.3114252099851412,1,1.85,nan,0.46142520998514125,0.36142520998514127,0,0,0.30267318277772726,0.030183871233532944,0.0,0.0015091935616766477,0.00916518138806106,0.9349010701780951,15.036237648903782,15.87286920112092,0.6404156777520609,0.22736486486486485
wall_stop,smoother_only,ideal,8,0.0,0.0,1.0,0.5355852455920032,0.0,0.5355852455920032,0.3144147544079968,1,1.85,nan,0.46441475440799684,0.36441475440799687,0,0,0.3035228121425352,0.029943500645851363,0.0,0.0014971750322925687,0.008888489024755756,0.985872588896195,15.075785648986237,15.963445798115572,0.6415652656718391,0.23750000000000004
wall_stop,smoother_only,ideal,9,0.0,0.0,1.0,0.5388526348757092,0.0,0.5388526348757092,0.31114736512429075,1,1.85,nan,0.4611473651242908,0.3611473651242908,0,0,0.3053212090546326,0.029913373307404695,0.0,0.0014956686653702347,0.008921174819554071,0.9532175155060656,15.061098324647016,16.322080601821654,0.6430614630412899,0.24087837837837836
wall_stop,smoother_only,ideal,10,0.0,0.0,1.0,0.5359221015003693,0.0,0.5359221015003693,0.31407789849963064,1,1.85,nan,0.46407789849963077,0.3640778984996308,0,0,0.30428995459710745,0.029932328572168255,0.0,0.0014966164286084127,0.008866723540326426,0.9621805286238837,14.762305324610852,15.953189402353017,0.6419187610103438,0.24189189189189186
wall_stop,smoother_only,ideal,11,0.0,0.0,1.0,0.5384001138167513,0.0,0.5384001138167513,0.31159988618324863,1,1.85,nan,0.46159988618324865,0.3615998861832487,0,0,0.30562057777076174,0.030054510461955366,0.0,0.0015027255230977694,0.009105391537946265,0.9737897673503033,15.270776865371452,16.27378319899435,0.6403278210562202,0.24493243243243243
wall_stop,smoother_only,ideal,12,0.0,0.0,1.0,0.5348790864707725,0.0,0.5348790864707725,0.31512091352922744,1,1.85,nan,0.4651209135292276,0.3651209135292276,0,0,0.3051187593733134,0.029934648515295644,0.0,0.001496732425764782,0.008728825316617842,0.9669929738611573,15.049279486816346,15.807311402022604,0.6408266958984746,0.23648648648648649
wall_stop,smoother_only,ideal,13,0.0,0.0,1.0,0.5366196597820236,0.0,0.5366196597820236,0.31338034021797634,1,1.85,nan,0.46338034021797636,0.3633803402179764,0,0,0.30295454872504274,0.030016267134201347,0.0,0.001500813356710068,0.00898314578135424,0.9376496924680295,14.924446919542026,15.975652202178026,0.6433434857034246,0.23817567567567569
wall_stop,smoother_only,ideal,14,0.0,0.0,1.0,0.5399952335627658,0.0,0.5399952335627658,0.3100047664372342,1,1.85,nan,0.4600047664372342,0.3600047664372342,0,0,0.30809580073569115,0.030070396100041148,0.0,0.0015035198050020575,0.009037243932029492,0.9847944610009665,14.892312648609387,15.57504440061166,0.6393382165644065,0.23614864864864868
wall_stop,smoother_only,ideal,15,0.0,0.0,1.0,0.5370851682897712,0.0,0.5370851682897712,0.3129148317102288,1,1.85,nan,0.46291483171022874,0.36291483171022876,0,0,0.30255077551370313,0.0298231462154674,0.0,0.001491157310773369,0.008752583582280652,0.9264256237576762,15.547581081321098,17.12322539970046,0.6415155550477516,0.22432432432432434
wall_stop,smoother_only,ideal,16,0.0,0.0,1.0,0.5375251852573835,0.0,0.5375251852573835,0.3124748147426165,1,1.85,nan,0.46247481474261654,0.36247481474261656,0,0,0.3,0.030013311941173938,0.0,0.0015006655970586959,0.008893819816218899,0.8803794132468701,15.491277756695666,16.571476397803053,0.6412424710852921,0.24493243243243243
wall_stop,smoother_only,ideal,17,0.0,0.0,1.0,0.5373418525408866,0.0,0.5373418525408866,0.31265814745911336,1,1.85,nan,0.4626581474591134,0.3626581474591134,0,0,0.30141908997773686,0.03011624400580221,0.0,0.0015058122002901111,0.008984426933336297,0.9523912199352291,15.58759370242557,16.379898200102616,0.6381400781140977,0.24493243243243243
wall_stop,smoother_only,ideal,18,0.0,0.0,1.0,0.5363265380958462,0.0,0.5363265380958462,0.3136734619041538,1,1.85,nan,0.4636734619041538,0.36367346190415384,0,0,0.3070775522164491,0.029898372639525113,0.0,0.001494918631976256,0.008842534067545264,0.9595316271662323,14.953955594604407,15.871771400270518,0.6408729607342905,0.24628378378378377
wall_stop,smoother_only,ideal,19,0.0,0.0,1.0,0.5380177329473369,0.0,0.5380177329473369,0.3119822670526631,1,1.85,nan,0.461982267052663,0.361982267052663,0,0,0.3025266438414997,0.029978099273917213,0.0,0.0014989049636958606,0.008854979688841583,0.9024784105113449,16.545186756293578,21.684743199875808,0.6409132217649026,0.2391891891891892
wall_stop,smoother_only,smoother,0,0.0,0.0,1.0,0.5297205374070498,0.0,0.5297205374070498,0.32027946259295015,1,1.9500000000000002,nan,0.4702794625929503,0.3702794625929503,0,0,0.3,0.02796770159174639,0.0,0.0,0.0,0.8865214024821122,9.772792435960115,12.38137270192965,nan,nan
wall_stop,smoother_only,smoother,1,0.0,0.0,1.0,0.5399374354824328,0.0,0.5399374354824328,0.3100625645175672,1,2.0,nan,0.4600625645175671,0.36006256451756713,0,0,0.3,0.02773068572631352,0.0,0.0,0.0,0.9072406844064905,8.621350525027083,8.874747699519503,nan,nan
wall_stop,smoother_only,smoother,2,0.0,0.0,1.0,0.540374364765393,0.0,0.540374364765393,0.30962563523460696,1,2.0,nan,0.4596256352346071,0.3596256352346071,0,0,0.3,0.02787383821338207,0.0,0.0,0.0,0.9130752711531449,8.480486724874936,9.302832097273493,nan,nan
wall_stop,smoother_only,smoother,3,0.0,0.0,1.0,0.5292008967562766,0.0,0.5292008967562766,0.3207991032437234,1,1.9500000000000002,nan,0.4707991032437233,0.37079910324372334,0,0,0.3,0.02796697030772099,0.0,0.0,0.0,0.9100618984631095,9.009362769388527,9.429279099276755,nan,nan
wall_stop,smoother_only,smoother,4,0.0,0.0,1.0,0.5311437071089177,0.0,0.5311437071089177,0.3188562928910823,1,1.9500000000000002,nan,0.4688562928910822,0.36885629289108224,0,0,0.3,0.02809853841748441,0.0,0.0,0.0,0.9132682385255532,8.97858971793306,9.578374301054282,nan,nan
wall_stop,smoother_only,smoother,5,0.0,0.0,1.0,0.5388754430765229,0.0,0.5388754430765229,0.31112455692347707,1,2.0,nan,0.461124556923477,0.361124556923477,0,0,0.3,0.028041972991721974,0.0,0.0,0.0,0.9013374745855793,8.861626099951536,9.26965650087368,nan,nan
wall_stop,smoother_only,smoother,6,0.0,0.0,1.0,0.5405006267928179,0.0,0.5405006267928179,0.3094993732071821,1,2.0,nan,0.45949937320718215,0.35949937320718217,0,0,0.3,0.027976092370651944,0.0,0.0,0.0,0.9084038702780726,8.729967900671909,9.244036200652772,nan,nan
wall_stop,smoother_only,smoother,7,0.0,0.0,1.0,0.5289005079555194,0.0,0.5289005079555194,0.32109949204448063,1,1.9500000000000002,nan,0.47109949204448065,0.37109949204448067,0,0,0.3,0.02795482050026787,0.0,0.0,0.0,0.9176345463840514,8.519793256336692,8.792419599922141,nan,nan
wall_stop,smoother_only,smoother,8,0.0,0.0,1.0,0.5395463117518063,0.0,0.5395463117518063,0.31045368824819364,1,2.0,nan,0.46045368824819377,0.3604536882481938,0,0,0.3,0.02778216374928862,0.0,0.0,0.0,0.9424667757632997,8.233897424634051,9.208578951802338,nan,nan
wall_stop,smoother_only,smoother,9,0.0,0.0,1.0,0.5296911756465934,0.0,0.5296911756465934,0.3203088243534066,1,1.9500000000000002,nan,0.4703088243534066,0.3703088243534066,0,0,0.3,0.027866564824712104,0.0,0.0,0.0,0.9178231993706136,9.245255923022528,9.990478698455263,nan,nan
wall_stop,smoother_only,smoother,10,0.0,0.0,1.0,0.5385229966828203,0.0,0.5385229966828203,0.31147700331717965,1,2.0,nan,0.4614770033171798,0.3614770033171798,0,0,0.3,0.027722953920011995,0.0,0.0,0.0,0.9096561532657188,8.981451550334896,9.893356101201785,nan,nan
wall_stop,smoother_only,smoother,11,0.0,0.0,1.0,0.5402429357341607,0.0,0.5402429357341607,0.30975706426583927,1,2.0,nan,0.4597570642658393,0.3597570642658393,0,0,0.3,0.027685555206707988,0.0,0.0,0.0,0.9470592171235097,8.680276399991271,9.30935670130566,nan,nan
wall_stop,smoother_only,smoother,12,0.0,0.0,1.0,0.540107327936669,0.0,0.540107327936669,0.30989267206333093,1,2.0,nan,0.45989267206333095,0.359892672063331,0,0,0.3,0.027904155254764567,0.0,0.0,0.0,0.9407387138969086,8.632912500434031,8.887466450869397,nan,nan
wall_stop,smoother_only,smoother,13,0.0,0.0,1.0,0.5398270419071903,0.0,0.5398270419071903,0.31017295809280965,1,2.0,nan,0.46017295809280956,0.3601729580928096,0,0,0.3,0.027709859135740623,0.0,0.0,0.0,0.9089064577585375,8.463402375036821,8.939795401784068,nan,nan
wall_stop,smoother_only,smoother,14,0.0,0.0,1.0,0.5291899029013988,0.0,0.5291899029013988,0.3208100970986012,1,1.9500000000000002,nan,0.47081009709860133,0.37081009709860135,0,0,0.3,0.027932152332236664,0.0,0.0,0.0,0.9557501932531371,8.647570795288535,9.756055800971808,nan,nan
wall_stop,smoother_only,smoother,15,0.0,0.0,1.0,0.5286688722900147,0.0,0.5286688722900147,0.3213311277099853,1,1.9500000000000002,nan,0.4713311277099854,0.37133112770998544,0,0,0.3,0.02780292070073868,0.0,0.0,0.0,0.8970497916483618,8.399429641147622,9.159666200866923,nan,nan
wall_stop,smoother_only,smoother,16,0.0,0.0,1.0,0.5287707656279972,0.0,0.5287707656279972,0.3212292343720028,1,1.9500000000000002,nan,0.4712292343720028,0.37122923437200284,0,0,0.3,0.027952419132363585,0.0,0.0,0.0,0.8710521949893728,8.784305410349939,9.366849000798538,nan,nan
wall_stop,smoother_only,smoother,17,0.0,0.0,1.0,0.5291720494418028,0.0,0.5291720494418028,0.32082795055819713,1,1.9500000000000002,nan,0.47082795055819715,0.3708279505581972,0,0,0.3,0.02812616466822745,0.0,0.0,0.0,0.910386908923992,8.514694615419453,9.931512500406825,nan,nan
wall_stop,smoother_only,smoother,18,0.0,0.0,1.0,0.5409971111703249,0.0,0.5409971111703249,0.3090028888296751,1,2.0,nan,0.4590028888296751,0.3590028888296751,0,0,0.3,0.027784765534766227,0.0,0.0,0.0,0.9056884937698181,9.239250799964793,10.491706549873925,nan,nan
wall_stop,smoother_only,smoother,19,0.0,0.0,1.0,0.528324270593339,0.0,0.528324270593339,0.321675729406661,1,1.9500000000000002,nan,0.47167572940666114,0.37167572940666116,0,0,0.3,0.027816017133131022,0.0,0.0,0.0,0.8949734585981308,8.30471774325139,8.73708879807964,nan,nan
wall_stop,smoother_only,response,0,0.0,0.0,1.0,0.5297205374070498,0.0,0.5297205374070498,0.32027946259295015,1,1.9500000000000002,nan,0.4702794625929503,0.3702794625929503,0,0,0.3,0.02796770159174639,0.0,0.0,0.0,0.8865214024821122,8.954962282400512,9.651762199428049,nan,nan
wall_stop,smoother_only,response,1,0.0,0.0,1.0,0.5399374354824328,0.0,0.5399374354824328,0.3100625645175672,1,2.0,nan,0.4600625645175671,0.36006256451756713,0,0,0.3,0.02773068572631352,0.0,0.0,0.0,0.9072406844064905,9.295112425206753,10.273787749974872,nan,nan
wall_stop,smoother_only,response,2,0.0,0.0,1.0,0.540374364765393,0.0,0.540374364765393,0.30962563523460696,1,2.0,nan,0.4596256352346071,0.3596256352346071,0,0,0.3,0.02787383821338207,0.0,0.0,0.0,0.9130752711531449,8.633334775095136,10.273699552817561,nan,nan
wall_stop,smoother_only,response,3,0.0,0.0,1.0,0.5292008967562766,0.0,0.5292008967562766,0.3207991032437234,1,1.9500000000000002,nan,0.4707991032437233,0.37079910324372334,0,0,0.3,0.02796697030772099,0.0,0.0,0.0,0.9100618984631095,8.743163076780128,9.364681501756422,nan,nan
wall_stop,smoother_only,response,4,0.0,0.0,1.0,0.5311437071089177,0.0,0.5311437071089177,0.3188562928910823,1,1.9500000000000002,nan,0.4688562928910822,0.36885629289108224,0,0,0.3,0.02809853841748441,0.0,0.0,0.0,0.9132682385255532,8.2432172560239,8.664232799856109,nan,nan
wall_stop,smoother_only,response,5,0.0,0.0,1.0,0.5388754430765229,0.0,0.5388754430765229,0.31112455692347707,1,2.0,nan,0.461124556923477,0.361124556923477,0,0,0.3,0.028041972991721974,0.0,0.0,0.0,0.9013374745855793,8.334547625145206,8.805657398079347,nan,nan
wall_stop,smoother_only,response,6,0.0,0.0,1.0,0.5405006267928179,0.0,0.5405006267928179,0.3094993732071821,1,2.0,nan,0.45949937320718215,0.35949937320718217,0,0,0.3,0.027976092370651944,0.0,0.0,0.0,0.9084038702780726,8.195185499789659,8.69551360119658,nan,nan
wall_stop,smoother_only,response,7,0.0,0.0,1.0,0.5289005079555194,0.0,0.5289005079555194,0.32109949204448063,1,1.9500000000000002,nan,0.47109949204448065,0.37109949204448067,0,0,0.3,0.02795482050026787,0.0,0.0,0.0,0.9176345463840514,8.19553094893658,8.807664400956128,nan,nan
wall_stop,smoother_only,response,8,0.0,0.0,1.0,0.5395463117518063,0.0,0.5395463117518063,0.31045368824819364,1,2.0,nan,0.46045368824819377,0.3604536882481938,0,0,0.3,0.02778216374928862,0.0,0.0,0.0,0.9424667757632997,8.256537550005305,8.701462598219223,nan,nan
wall_stop,smoother_only,response,9,0.0,0.0,1.0,0.5296911756465934,0.0,0.5296911756465934,0.3203088243534066,1,1.9500000000000002,nan,0.4703088243534066,0.3703088243534066,0,0,0.3,0.027866564824712104,0.0,0.0,0.0,0.9178231993706136,8.321290230434478,8.70572330095456,nan,nan
wall_stop,smoother_only,response,10,0.0,0.0,1.0,0.5385229966828203,0.0,0.5385229966828203,0.31147700331717965,1,2.0,nan,0.4614770033171798,0.3614770033171798,0,0,0.3,0.027722953920011995,0.0,0.0,0.0,0.9096561532657188,8.381981074853684,8.953493700209947,nan,nan
wall_stop,smoother_only,response,11,0.0,0.0,1.0,0.5402429357341607,0.0,0.5402429357341607,0.30975706426583927,1,2.0,nan,0.4597570642658393,0.3597570642658393,0,0,0.3,0.027685555206707988,0.0,0.0,0.0,0.9470592171235097,8.174273050190095,8.657795400540635,nan,nan
wall_stop,smoother_only,response,12,0.0,0.0,1.0,0.540107327936669,0.0,0.540107327936669,0.30989267206333093,1,2.0,nan,0.45989267206333095,0.359892672063331,0,0,0.3,0.027904155254764567,0.0,0.0,0.0,0.9407387138969086,8.21200329983185,8.768260098077008,nan,nan
wall_stop,smoother_only,response,13,0.0,0.0,1.0,0.5398270419071903,0.0,0.5398270419071903,0.31017295809280965,1,2.0,nan,0.46017295809280956,0.3601729580928096,0,0,0.3,0.027709859135740623,0.0,0.0,0.0,0.9089064577585375,8.20318342466635,8.625534150269232,nan,nan
wall_stop,smoother_only,response,14,0.0,0.0,1.0,0.5291899029013988,0.0,0.5291899029013988,0.3208100970986012,1,1.9500000000000002,nan,0.47081009709860133,0.37081009709860135,0,0,0.3,0.027932152332236664,0.0,0.0,0.0,0.9557501932531371,8.60090579459584,9.878532602306223,nan,nan
wall_stop,smoother_only,response,15,0.0,0.0,1.0,0.5286688722900147,0.0,0.5286688722900147,0.3213311277099853,1,1.9500000000000002,nan,0.4713311277099854,0.37133112770998544,0,0,0.3,0.02780292070073868,0.0,0.0,0.0,0.8970497916483618,8.541296102917746,9.232388902455568,nan,nan
wall_stop,smoother_only,response,16,0.0,0.0,1.0,0.5287707656279972,0.0,0.5287707656279972,0.3212292343720028,1,1.9500000000000002,nan,0.4712292343720028,0.37122923437200284,0,0,0.3,0.027952419132363585,0.0,0.0,0.0,0.8710521949893728,9.147188384630658,10.514388999217772,nan,nan
wall_stop,smoother_only,response,17,0.0,0.0,1.0,0.5291720494418028,0.0,0.5291720494418028,0.32082795055819713,1,1.9500000000000002,nan,0.47082795055819715,0.3708279505581972,0,0,0.3,0.02812616466822745,0.0,0.0,0.0,0.910386908923992,8.79929466697295,9.340735598016181,nan,nan
wall_stop,smoother_only,response,18,0.0,0.0,1.0,0.5409971111703249,0.0,0.5409971111703249,0.3090028888296751,1,2.0,nan,0.4590028888296751,0.3590028888296751,0,0,0.3,0.027784765534766227,0.0,0.0,0.0,0.9056884937698181,9.0005528749316,10.014631450758316,nan,nan
wall_stop,smoother_only,response,19,0.0,0.0,1.0,0.528324270593339,0.0,0.528324270593339,0.321675729406661,1,1.9500000000000002,nan,0.47167572940666114,0.37167572940666116,0,0,0.3,0.027816017133131022,0.0,0.0,0.0,0.8949734585981308,8.844091461819167,9.744961302203592,nan,nan
wall_stop,mild,ideal,0,0.05,0.15,0.9,0.5779441949342845,0.0,0.5779441949342845,0.2720558050657155,1,2.2,nan,0.4220558050657155,0.3220558050657155,0,0,0.26703092416218727,0.02992407867965331,0.02469204915826107,0.002838474371729045,0.012940730028317497,0.9279684972958687,14.771412909133439,15.428036198136397,0.5927836303547515,0.18863636363636366
wall_stop,mild,ideal,1,0.05,0.15,0.9,0.5890141497179633,0.0,0.5890141497179633,0.2609858502820367,1,2.25,nan,0.4109858502820367,0.31098585028203674,0,0,0.26888419770963606,0.029766996515010025,0.024680758207518753,0.0028282566534647727,0.012732702052846465,1.000276701413277,15.669317977719604,17.298308399040252,0.5824409153964727,0.18472222222222223
wall_stop,mild,ideal,2,0.05,0.15,0.9,0.5885287412033586,0.0,0.5885287412033586,0.26147125879664135,1,2.25,nan,0.41147125879664137,0.3114712587966414,0,0,0.268520015050544,0.029875050769996983,0.024820853300697793,0.0028419099827866937,0.01286060617930071,0.9721618215417825,15.54709606651967,18.046072801371338,0.5824273332394897,0.1788888888888889
wall_stop,mild,ideal,3,0.05,0.15,0.9,0.589703999899313,0.0,0.589703999899313,0.260296000100687,1,2.25,nan,0.410296000100687,0.31029600010068703,0,0,0.26990496810741776,0.029985263598028906,0.024697593585680366,0.002839595540571721,0.012723059340781264,0.9700495054490409,15.617192466581603,17.989607401250396,0.5817153822002404,0.1783333333333333
wall_stop,mild,ideal,4,0.05,0.15,0.9,0.589959967318982,0.0,0.589959967318982,0.26004003268101794,1,2.25,nan,0.41004003268101785,0.3100400326810179,0,0,0.26967174410207007,0.029882800477039447,0.02475880696265633,0.0028381357879121096,0.012771775670908148,0.9661709200584174,15.250805400460699,16.39357040039613,0.580641089169392,0.18361111111111109
wall_stop,mild,ideal,5,0.05,0.15,0.9,0.5858224183899733,0.0,0.5858224183899733,0.2641775816100267,1,2.25,nan,0.4141775816100268,0.31417758161002685,0,0,0.2670394688868182,0.03005163274524876,0.024737500773987516,0.0028459423530111604,0.012820257943224275,0.9850447545024368,14.842685511070563,15.802287601400167,0.585202006029719,0.17416666666666666
wall_stop,mild,ideal,6,0.05,0.15,0.9,0.5880454935363562,0.0,0.5880454935363562,0.2619545064636438,1,2.25,nan,0.41195450646364384,0.31195450646364387,0,0,0.2666680679898678,0.02986223301828651,0.02470502560647234,0.002834634779822741,0.012778632319047575,0.9646080896739619,16.208344244417578,22.102563000953523,0.5805013146890832,0.18583333333333335
wall_stop,mild,ideal,7,0.05,0.15,0.9,0.5894867661964407,0.0,0.5894867661964407,0.2605132338035593,1,2.25,nan,0.4105132338035593,0.31051323380355933,0,0,0.26854974776075563,0.029991272107290416,0.02475257678881711,0.0028431269826072864,0.012778843644637734,0.9663352925526485,17.823269511023277,19.271435799601022,0.5812134211278139,0.1788888888888889
wall_stop,mild,ideal,8,0.05,0.15,0.9,0.5876603950786411,0.0,0.5876603950786411,0.2623396049213589,1,2.25,nan,0.412339604921359,0.31233960492135904,0,0,0.2666517265897695,0.02995220331207651,0.024755957570947142,0.0028416688870350633,0.01280978042323747,1.0336100574875315,15.468969978004074,16.76421579977614,0.5834858570763416,0.17888888888888888
wall_stop,mild,ideal,9,0.05,0.15,0.9,0.5780866137635908,0.0,0.5780866137635908,0.27191338623640915,1,2.2,nan,0.42191338623640906,0.3219133862364091,0,0,0.26857702052661503,0.029786760582968697,0.024741676944627457,0.002834575653890496,0.012961423439963558,0.9841630073360623,14.99528256813805,16.75669010128331,0.5935511412303801,0.1840909090909091
wall_stop,mild,ideal,10,0.05,0.15,0.9,0.5882334577228174,0.0,0.5882334577228174,0.26176654227718255,1,2.25,nan,0.41176654227718257,0.3117665422771826,0,0,0.2685598447134847,0.03001917358772875,0.024741291593190873,0.0028438767570689943,0.012775018623524217,0.9967894247600677,15.827129999848289,16.48951960087288,0.5830461127423873,0.18527777777777774
wall_stop,mild,ideal,11,0.05,0.15,0.9,0.5895439423354709,0.0,0.5895439423354709,0.26045605766452906,1,2.25,nan,0.4104560576645291,0.3104560576645291,0,0,0.2683689086393032,0.029883783867954702,0.02480011837747887,0.002840633854130763,0.012801356878046738,1.0111664241371479,15.784720932828755,16.99936859731679,0.5824494799471274,0.18055555555555555
wall_stop,mild,ideal,12,0.05,0.15,0.9,0.5872531189658826,0.0,0.5872531189658826,0.26274688103411736,1,2.25,nan,0.4127468810341175,0.3127468810341175,0,0,0.26678961455849626,0.02995057689981826,0.024718703464320264,0.002839676321984196,0.012790926889658345,1.0103114226454706,15.699985933558006,16.259553800773574,0.5831666301510412,0.17694444444444446
wall_stop,mild,ideal,13,0.05,0.15,0.9,0.5874345878809849,0.0,0.5874345878809849,0.2625654121190151,1,2.25,nan,0.4125654121190152,0.31256541211901523,0,0,0.26746105131234144,0.029844144838738797,0.02467166315446116,0.0028315499753376505,0.012735444500370776,0.9662414308482297,16.35845737748443,20.404201202472905,0.5855291156978508,0.1797222222222222
wall_stop,mild,ideal,14,0.05,0.15,0.9,0.5793852032514218,0.0,0.5793852032514218,0.27061479674857813,1,2.2,nan,0.42061479674857827,0.3206147967485783,0,0,0.2690780280506692,0.030021704892652327,0.024725183925797596,0.002844713262151885,0.012918098321736779,1.0197617296966799,15.002746022467115,16.50315194910945,0.5923893870414181,0.18664772727272724
wall_stop,mild,ideal,15,0.05,0.15,0.9,0.5898137555991924,0.0,0.5898137555991924,0.2601862444008076,1,2.25,nan,0.41018624440080753,0.31018624440080755,0,0,0.2680430630498159,0.029871836695244618,0.024761821363630157,0.002837732496051871,0.01278509149223865,0.9537545591903753,17.62700508883831,19.47788799952832,0.5821122989392548,0.18305555555555558
wall_stop,mild,ideal,16,0.05,0.15,0.9,0.5901416352085722,0.0,0.5901416352085722,0.25985836479142777,1,2.25,nan,0.4098583647914278,0.3098583647914278,0,0,0.2672394599304331,0.030041702778937494,0.02481652710152802,0.002849259472179846,0.01282654974905901,0.9216415262276797,16.249891177802866,17.676943801052403,0.582014837178357,0.18694444444444444
wall_stop,mild,ideal,17,0.05,0.15,0.9,0.5897787961136521,0.0,0.5897787961136521,0.26022120388634784,1,2.25,nan,0.41022120388634775,0.3102212038863478,0,0,0.26954178883726965,0.029915239832022076,0.024838931454761872,0.002844762425462332,0.012849041173904547,0.9836718061642955,15.371720222093346,17.141804997663712,0.5791830515012978,0.1822222222222222
wall_stop,mild,ideal,18,0.05,0.15,0.9,0.5878453153636286,0.0,0.5878453153636286,0.26215468463637137,1,2.25,nan,0.4121546846363713,0.3121546846363713,0,0,0.2700971643276777,0.029771394858347743,0.024724959147115477,0.002831149322562729,0.012787398007588954,0.9858696754978181,16.37680571123686,17.3328593999031,0.581522733042022,0.1961111111111111
wall_stop,mild,ideal,19,0.05,0.15,0.9,0.5897337426784236,0.0,0.5897337426784236,0.2602662573215764,1,2.25,nan,0.4102662573215765,0.31026625732157653,0,0,0.26833703035126444,0.02993420057247357,0.0247439054455071,0.0028398525005825528,0.012757706677259353,0.9281253521711152,16.139643022001515,17.430383199098287,0.5824951960275292,0.18111111111111108
wall_stop,mild,smoother,0,0.05,0.15,0.9,0.5865580117627195,0.0,0.5865580117627195,0.2634419882372805,1,2.4000000000000004,nan,0.4134419882372806,0.31344198823728064,0,0,0.24541298874389222,0.027982001080112315,0.024145124909442484,0.0013083155716169688,0.006226035221121329,0.9010393296815145,8.797503791735531,9.178281849017367,nan,nan
wall_stop,mild,smoother,1,0.05,0.15,0.9,0.5850393145526347,0.0,0.5850393145526347,0.2649606854473653,1,2.4000000000000004,nan,0.4149606854473653,0.31496068544736533,0,0,0.2449851245069454,0.02798306564800157,0.02409844463044508,0.001305706266510224,0.00621189143600015,0.9389632999591919,8.647437374823616,9.561311801007832,nan,nan
wall_stop,mild,smoother,2,0.05,0.15,0.9,0.5849707702181138,0.0,0.5849707702181138,0.26502922978188614,1,2.4000000000000004,nan,0.41502922978188606,0.3150292297818861,0,0,0.246331815322041,0.027891693751173317,0.02418420566989783,0.001311159072838201,0.006169504020338244,0.9565627948282878,9.03261216702352,9.531225700993673,nan,nan
wall_stop,mild,smoother,3,0.05,0.15,0.9,0.5847456819556153,0.0,0.5847456819556153,0.2652543180443847,1,2.4000000000000004,nan,0.4152543180443846,0.31525431804438464,0,0,0.24570479700062686,0.02786860419671309,0.024048239065730184,0.0013031143729514546,0.0061523366003520185,0.9439169527930561,8.878930083331701,9.637834847671911,nan,nan
wall_stop,mild,smoother,4,0.05,0.15,0.9,0.5745556776076922,0.0,0.5745556776076922,0.27544432239230776,1,2.35,nan,0.42544432239230767,0.3254443223923077,0,0,0.24712543290407493,0.027868988689871827,0.02396776232103525,0.0012999951867265218,0.006236730364798033,0.9290905520940023,9.162053298496176,9.789763602384483,nan,nan
wall_stop,mild,smoother,5,0.05,0.15,0.9,0.5824381250481094,0.0,0.5824381250481094,0.26756187495189054,1,2.4000000000000004,nan,0.41756187495189057,0.3175618749518906,0,0,0.24488294497681948,0.028003445980732573,0.0240486668911487,0.0013034118325706047,0.006182948900441542,0.9258539741012528,8.592409458136293,9.083105349964171,nan,nan
wall_stop,mild,smoother,6,0.05,0.15,0.9,0.5846777680468213,0.0,0.5846777680468213,0.2653222319531787,1,2.4000000000000004,nan,0.41532223195317863,0.31532223195317866,0,0,0.24530977162277492,0.02810902985168602,0.02400987140371855,0.0013004914017764545,0.006187603517437351,0.9360348161371406,8.922145832987857,9.436908198222227,nan,nan
wall_stop,mild,smoother,7,0.05,0.15,0.9,0.5853556120168405,0.0,0.5853556120168405,0.2646443879831595,1,2.4000000000000004,nan,0.4146443879831594,0.3146443879831594,0,0,0.245773052944076,0.027838427621167155,0.024129922797691147,0.0013078356280592765,0.006158259503922619,0.9388465616290467,8.988444395678622,9.654521651827963,nan,nan
wall_stop,mild,smoother,8,0.05,0.15,0.9,0.5836420602790928,0.0,0.5836420602790928,0.26635793972090716,1,2.4000000000000004,nan,0.4163579397209072,0.3163579397209072,0,0,0.2455593962472609,0.027767392567844693,0.024100492777697394,0.001306525091685377,0.006112019544678292,0.9661900716328264,9.483157749855309,9.81653369981359,nan,nan
wall_stop,mild,smoother,9,0.05,0.15,0.9,0.5751317313666454,0.0,0.5751317313666454,0.27486826863335456,1,2.35,nan,0.4248682686333547,0.3248682686333547,0,0,0.24700581638729888,0.027853263136164312,0.023998595950082847,0.0013016627375538176,0.006229254570821086,0.9387994410685241,9.00773989393356,9.261811200849479,nan,nan
wall_stop,mild,smoother,10,0.05,0.15,0.9,0.5838809132934464,0.0,0.5838809132934464,0.2661190867065536,1,2.4000000000000004,nan,0.4161190867065536,0.31611908670655364,0,0,0.24450942436103273,0.02792438499217709,0.02413646985636754,0.0013082024754123955,0.006235240928697344,0.9478168407130828,8.87676241685161,9.641951400772086,nan,nan
wall_stop,mild,smoother,11,0.05,0.15,0.9,0.5854726204506895,0.0,0.5854726204506895,0.2645273795493105,1,2.4000000000000004,nan,0.4145273795493105,0.31452737954931054,0,0,0.2458735465539668,0.02784945142611699,0.02416473002165179,0.001309782818573953,0.0062030064105992044,0.966446769315465,9.322037312585962,10.156274099790608,nan,nan
wall_stop,mild,smoother,12,0.05,0.15,0.9,0.5829965670160866,0.0,0.5829965670160866,0.2670034329839134,1,2.4000000000000004,nan,0.4170034329839134,0.3170034329839134,0,0,0.24487487602891644,0.02783954086385755,0.02399013563066503,0.0013000948603365818,0.006162681055772078,0.9655367835655644,9.131460750040787,9.302593499705836,nan,nan
wall_stop,mild,smoother,13,0.05,0.15,0.9,0.5839317124056783,0.0,0.5839317124056783,0.26606828759432166,1,2.4000000000000004,nan,0.4160682875943218,0.3160682875943218,0,0,0.24593922343925534,0.02782694604113851,0.0240562825243018,0.0013036552607430356,0.00615887594021528,0.9230672672835036,8.168589249786843,8.675858049718954,nan,nan
wall_stop,mild,smoother,14,0.05,0.15,0.9,0.5861702835377366,0.0,0.5861702835377366,0.2638297164622634,1,2.4000000000000004,nan,0.4138297164622635,0.31382971646226354,0,0,0.2462477091475513,0.027895536830504785,0.02413348031876198,0.0013077832703178546,0.0061941763142721986,0.9800577314025016,8.150586458138301,8.69253134878818,nan,nan
wall_stop,mild,smoother,15,0.05,0.15,0.9,0.5848803741753557,0.0,0.5848803741753557,0.2651196258246443,1,2.4000000000000004,nan,0.41511962582464434,0.31511962582464437,0,0,0.24560548564652204,0.027678247478908333,0.024100663892836445,0.0013063977029761837,0.006077310549387869,0.9160179318789169,8.322893458777495,8.80892525146919,nan,nan
wall_stop,mild,smoother,16,0.05,0.15,0.9,0.5869342598676992,0.0,0.5869342598676992,0.2630657401323008,1,2.4000000000000004,nan,0.4130657401323008,0.3130657401323008,0,0,0.24576399014119088,0.028122326609124466,0.024180334996954045,0.0013099214081765931,0.006143464499003264,0.921666204950895,8.162593437418764,8.620625650655711,nan,nan
wall_stop,mild,smoother,17,0.05,0.15,0.9,0.5865412934938118,0.0,0.5865412934938118,0.2634587065061882,1,2.4000000000000004,nan,0.4134587065061881,0.3134587065061881,0,0,0.24703185095068803,0.028114678404717593,0.024177375700480605,0.0013100265570278014,0.006199026755248682,0.9495967001703083,8.284935708161356,8.909739200316835,nan,nan
wall_stop,mild,smoother,18,0.05,0.15,0.9,0.5848281000672221,0.0,0.5848281000672221,0.2651718999327779,1,2.4000000000000004,nan,0.41517189993277803,0.31517189993277805,0,0,0.24606039227831542,0.027787918808937325,0.024116820880133647,0.0013071230192638454,0.006165665283974636,0.9373752287666808,8.592943333496805,9.05442285056779,nan,nan
wall_stop,mild,smoother,19,0.05,0.15,0.9,0.5845756927597434,0.0,0.5845756927597434,0.26542430724025656,1,2.4000000000000004,nan,0.4154243072402566,0.3154243072402566,0,0,0.2458592702624614,0.027799211215973306,0.023969444951202366,0.0012985545815284605,0.00606723912825065,0.9193445018763916,8.79544868788192,9.395810351452383,nan,nan
wall_stop,mild,response,0,0.05,0.15,0.9,0.582347705267984,0.0,0.582347705267984,0.267652294732016,1,2.4000000000000004,nan,0.41765229473201604,0.31765229473201606,0,0,0.24284329108663238,0.027648559545477736,0.024055684560067857,0.0,0.0,0.9012158575102862,8.428458416953314,8.76965390107216,nan,nan
wall_stop,mild,response,1,0.05,0.15,0.9,0.5806904230014366,0.0,0.5806904230014366,0.2693095769985634,1,2.4000000000000004,nan,0.4193095769985633,0.3193095769985633,0,0,0.24242592925041806,0.027638468730212085,0.024000756116919025,0.0,0.0,0.9389637077680993,8.30835602088579,8.764260800126067,nan,nan
wall_stop,mild,response,2,0.05,0.15,0.9,0.5808567527602394,0.0,0.5808567527602394,0.2691432472397606,1,2.4000000000000004,nan,0.4191432472397607,0.31914324723976073,0,0,0.24425980647110895,0.02756275607501296,0.024094871111204706,0.0,0.0,0.9538668586825689,8.294467770914101,8.775009348573803,nan,nan
wall_stop,mild,response,3,0.05,0.15,0.9,0.5805451513480446,0.0,0.5805451513480446,0.26945484865195535,1,2.4000000000000004,nan,0.41945484865195537,0.3194548486519554,0,0,0.2430706125945682,0.027534455501054326,0.023954153171631905,0.0,0.0,0.9384793294045541,8.587055791546542,8.893499649639125,nan,nan
wall_stop,mild,response,4,0.05,0.15,0.9,0.5824340179037879,0.0,0.5824340179037879,0.2675659820962121,1,2.4000000000000004,nan,0.4175659820962121,0.3175659820962121,0,0,0.24449092915916282,0.02753883359525994,0.024054006649797673,0.0,0.0,0.9258991136237403,8.701562521234033,9.392023500004143,nan,nan
wall_stop,mild,response,5,0.05,0.15,0.9,0.5782104246605252,0.0,0.5782104246605252,0.2717895753394748,1,2.4000000000000004,nan,0.4217895753394747,0.3217895753394747,0,0,0.24247794631698458,0.02764918265804707,0.023948504447506333,0.0,0.0,0.9217748376575039,8.929296791393426,9.199487550540653,nan,nan
wall_stop,mild,response,6,0.05,0.15,0.9,0.5802891046330161,0.0,0.5802891046330161,0.2697108953669839,1,2.4000000000000004,nan,0.4197108953669839,0.31971089536698394,0,0,0.24278524476252622,0.027757078457906627,0.023905108150854157,0.0,0.0,0.9311712904428768,9.253542250083532,9.86684490035259,nan,nan
wall_stop,mild,response,7,0.05,0.15,0.9,0.5810982926289845,0.0,0.5810982926289845,0.2689017073710155,1,2.4000000000000004,nan,0.4189017073710155,0.31890170737101553,0,0,0.24320763922798685,0.027486903026542154,0.024032788808533576,0.0,0.0,0.9366281385071631,9.17403077050949,9.790691348644032,nan,nan
wall_stop,mild,response,8,0.05,0.15,0.9,0.5793872409495285,0.0,0.5793872409495285,0.27061275905047144,1,2.4000000000000004,nan,0.4206127590504716,0.3206127590504716,0,0,0.24307083652984288,0.027422865924415486,0.024001716654684393,0.0,0.0,0.9602670285640252,9.082540437172307,9.497534850197553,nan,nan
wall_stop,mild,response,9,0.05,0.15,0.9,0.5827191735837032,0.0,0.5827191735837032,0.2672808264162968,1,2.4000000000000004,nan,0.4172808264162968,0.31728082641629685,0,0,0.2446197170226313,0.027480225230087578,0.024078007075393548,0.0,0.0,0.9345287832119489,8.99357322926638,9.347268351302773,nan,nan
wall_stop,mild,response,10,0.05,0.15,0.9,0.5795592945045904,0.0,0.5795592945045904,0.27044070549540955,1,2.4000000000000004,nan,0.4204407054954096,0.3204407054954096,0,0,0.24286957359731784,0.027572921211212947,0.02403794355775454,0.0,0.0,0.9454444817152673,8.764166417070859,9.021587297502265,nan,nan
wall_stop,mild,response,11,0.05,0.15,0.9,0.5814039791890089,0.0,0.5814039791890089,0.2685960208109911,1,2.4000000000000004,nan,0.4185960208109911,0.31859602081099114,0,0,0.24337017694831348,0.027517262302483192,0.024078957583646584,0.0,0.0,0.9597073591977008,8.319743354074186,8.730669850410777,nan,nan
wall_stop,mild,response,12,0.05,0.15,0.9,0.5787670717522397,0.0,0.5787670717522397,0.27123292824776024,1,2.4000000000000004,nan,0.42123292824776026,0.3212329282477603,0,0,0.24234114308823745,0.027492741666787765,0.023891607587252735,0.0,0.0,0.9603350578829962,8.259707249862913,8.741584700146632,nan,nan
wall_stop,mild,response,13,0.05,0.15,0.9,0.5797288391964119,0.0,0.5797288391964119,0.27027116080358804,1,2.4000000000000004,nan,0.42027116080358806,0.3202711608035881,0,0,0.2435054612103651,0.02748310153421696,0.02396315904721815,0.0,0.0,0.9204023518961784,8.288030374236163,8.935656501671474,nan,nan
wall_stop,mild,response,14,0.05,0.15,0.9,0.5819272315286277,0.0,0.5819272315286277,0.2680727684713723,1,2.4000000000000004,nan,0.4180727684713723,0.31807276847137234,0,0,0.24365600210920263,0.027561550227503246,0.02404496858512763,0.0,0.0,0.977407520888695,8.4553498547848,9.112729551270604,nan,nan
wall_stop,mild,response,15,0.05,0.15,0.9,0.5807438548654831,0.0,0.5807438548654831,0.2692561451345169,1,2.4000000000000004,nan,0.4192561451345169,0.31925614513451694,0,0,0.24307832918079883,0.027339841684836354,0.024012011176447873,0.0,0.0,0.9142565889915082,8.050341666603344,8.395514799485682,nan,nan
wall_stop,mild,response,16,0.05,0.15,0.9,0.5827010298604295,0.0,0.5827010298604295,0.2672989701395705,1,2.4000000000000004,nan,0.4172989701395706,0.31729897013957065,0,0,0.24359293776005228,0.027771719681562328,0.02408687994264565,0.0,0.0,0.920237708333818,8.122627333326212,8.421010948768526,nan,nan
wall_stop,mild,response,17,0.05,0.15,0.9,0.5823855670952514,0.0,0.5823855670952514,0.2676144329047486,1,2.4000000000000004,nan,0.41761443290474864,0.31761443290474867,0,0,0.2446714416732643,0.027772043645996145,0.024089499831281946,0.0,0.0,0.9490415711182052,8.251681645939849,8.877759650931694,nan,nan
wall_stop,mild,response,18,0.05,0.15,0.9,0.5805961753056301,0.0,0.5805961753056301,0.26940382469436985,1,2.4000000000000004,nan,0.4194038246943699,0.3194038246943699,0,0,0.24348828335921255,0.027434452516163846,0.024020233954884625,0.0,0.0,0.9324055779417524,9.04760564579495,9.329673301181174,nan,nan
wall_stop,mild,response,19,0.05,0.15,0.9,0.5802971124520245,0.0,0.5802971124520245,0.26970288754797545,1,2.4000000000000004,nan,0.4197028875479756,0.3197028875479756,0,0,0.24325233746141173,0.02745581337632382,0.023876378586270484,0.0,0.0,0.9189431954840173,9.086952791752386,9.542463648722332,nan,nan
wall_stop,stress,ideal,0,0.1,0.45,1.0,0.7016560216110383,0.0,0.7016560216110383,0.14834397838896163,1,2.4000000000000004,nan,0.29834397838896165,0.19834397838896164,0,0,0.29248132511248137,0.030009485650462485,0.05121334944561078,0.004182575904813779,0.014686125510650204,0.9489546004575661,15.352184291714366,16.63139054981002,0.5467927312784998,0.16067708333333333
wall_stop,stress,ideal,1,0.1,0.45,1.0,0.7016669740591671,0.0,0.7016669740591671,0.14833302594083286,1,2.4000000000000004,nan,0.298333025940833,0.198333025940833,0,0,0.29232932822511204,0.030048226617790327,0.05123742633208072,0.004185094398320658,0.014657369973570034,1.0258369499700528,14.803428479202315,15.496785851973982,0.5489917729686216,0.16796875
wall_stop,stress,ideal,2,0.1,0.45,1.0,0.6995393358373492,0.0,0.6995393358373492,0.1504606641626508,1,2.4000000000000004,nan,0.3004606641626508,0.20046066416265082,0,0,0.29242492080255084,0.029904745821502314,0.0512329544315094,0.004178434442518007,0.014709209573784559,0.9916701187405332,14.429481750009169,15.242487048635667,0.547917481117363,0.16015625
wall_stop,stress,ideal,3,0.1,0.45,1.0,0.6993698073766278,0.0,0.6993698073766278,0.15063019262337218,1,2.4000000000000004,nan,0.3006301926233723,0.2006301926233723,0,0,0.2917213935172591,0.029893228282271124,0.05107271571513169,0.004169218717822165,0.014606075025596936,0.9874549565932167,14.337365021068157,15.139465849279077,0.548181619898834,0.15859375
wall_stop,stress,ideal,4,0.1,0.45,1.0,0.7008799221057865,0.0,0.7008799221057865,0.14912007789421344,1,2.4000000000000004,nan,0.2991200778942136,0.19912007789421357,0,0,0.2923107482225368,0.029909146658172254,0.051203298529037086,0.004176862901727589,0.01467568267861279,0.9858456166751252,15.646000437527618,17.473141751361254,0.5462480209853208,0.1640625
wall_stop,stress,ideal,5,0.1,0.45,1.0,0.6955846753878444,0.0,0.6955846753878444,0.15441532461215557,1,2.4000000000000004,nan,0.3044153246121555,0.20441532461215547,0,0,0.2898768159338357,0.030046176400025826,0.05084003852416852,0.004164396672285097,0.014610748533235683,1.0056122357903647,16.178887729211056,16.636120898510853,0.5499269316033506,0.15755208333333334
wall_stop,stress,ideal,6,0.1,0.45,1.0,0.699363056737379,0.0,0.699363056737379,0.150636943262621,1,2.4000000000000004,nan,0.300636943262621,0.20063694326262102,0,0,0.2919933031393408,0.030084479587391924,0.05111852877609364,0.004181386948477026,0.01461837364019258,0.9916057401718933,15.508234791999106,17.62441364953702,0.5474668326484077,0.1651041666666667
wall_stop,stress,ideal,7,0.1,0.45,1.0,0.699759829651454,0.0,0.699759829651454,0.15024017034854598,1,2.4000000000000004,nan,0.300240170348546,0.200240170348546,0,0,0.2917618481736157,0.02990887815706925,0.05108546305514357,0.0041707987332096205,0.014672349068821436,0.9834102725818601,14.467562416636307,15.264486297564872,0.5482154594804174,0.16718749999999996
wall_stop,stress,ideal,8,0.1,0.45,1.0,0.6975345622909096,0.0,0.6975345622909096,0.15246543770909038,1,2.4000000000000004,nan,0.3024654377090905,0.2024654377090905,0,0,0.29078746464769206,0.029825200646364645,0.05096581844259739,0.004159970662099276,0.014673196336119486,1.0548418930647465,14.231857875074638,15.098723450682883,0.5498696886449367,0.16015625
wall_stop,stress,ideal,9,0.1,0.45,1.0,0.7016440387746711,0.0,0.7016440387746711,0.1483559612253289,1,2.4000000000000004,nan,0.29835596122532904,0.19835596122532903,0,0,0.2934035205393108,0.02981689814231752,0.051373824320958016,0.004181472233227355,0.01470606009808577,1.0043716630675215,14.240885812493312,15.129465848804102,0.5475934828940389,0.16875000000000004
wall_stop,stress,ideal,10,0.1,0.45,1.0,0.6986332572130942,0.0,0.6986332572130942,0.15136674278690576,1,2.4000000000000004,nan,0.3013667427869058,0.20136674278690578,0,0,0.2910590146903326,0.029984587198573293,0.05096970286107289,0.0041681668567153975,0.014642744709490105,1.0093047156087924,14.254999625109122,15.379457950439246,0.5480961555757212,0.16276041666666669
wall_stop,stress,ideal,11,0.1,0.45,1.0,0.7003806116954637,0.0,0.7003806116954637,0.14961938830453625,1,2.4000000000000004,nan,0.2996193883045364,0.19961938830453638,0,0,0.29227102823947726,0.02988615894413758,0.05118120982613466,0.004174683450148069,0.01467457769594907,1.0209356769040632,14.287536208106152,15.182497701243847,0.5475253135731495,0.1609375
wall_stop,stress,ideal,12,0.1,0.45,1.0,0.6968688555904273,0.0,0.6968688555904273,0.15313114440957265,1,2.4000000000000004,nan,0.3031311444095728,0.20313114440957278,0,0,0.29120448340661204,0.02989455963439447,0.05098048689696763,0.004164404001398469,0.014624991978255042,1.021121862524537,14.399914166460803,15.440342301371857,0.5485563741166036,0.15598958333333335
wall_stop,stress,ideal,13,0.1,0.45,1.0,0.697809052181996,0.0,0.697809052181996,0.15219094781800402,1,2.4000000000000004,nan,0.30219094781800404,0.20219094781800404,0,0,0.2907467124245282,0.029907501055756836,0.05093735625781306,0.004162681518154452,0.014591243256241978,0.9755204800084485,14.295541187569446,15.217899248636968,0.5504375216591801,0.16927083333333334
wall_stop,stress,ideal,14,0.1,0.45,1.0,0.7019844064746428,0.0,0.7019844064746428,0.1480155935253572,1,2.4000000000000004,nan,0.2980155935253572,0.19801559352535722,0,0,0.292148606383904,0.02990856794911366,0.05119761588853534,0.004176426098668989,0.014696256190399189,1.039331913218491,14.259453666378855,15.062693848994968,0.5469125088150393,0.165625
wall_stop,stress,ideal,15,0.1,0.45,1.0,0.6991203465901744,0.0,0.6991203465901744,0.15087965340982556,1,2.4000000000000004,nan,0.3008796534098255,0.20087965340982547,0,0,0.29249993848638306,0.029706833406494777,0.05121752368644659,0.004167552996486194,0.014663057459092684,0.9673359744414913,14.22645329171246,15.095109748835966,0.5479500402926765,0.16223958333333335
wall_stop,stress,ideal,16,0.1,0.45,1.0,0.7014025085244098,0.0,0.7014025085244098,0.1485974914755902,1,2.4000000000000004,nan,0.2985974914755902,0.19859749147559022,0,0,0.29209078581862347,0.030150669843213386,0.051179796173753206,0.004187388946659954,0.014676616446210648,0.9592247086693066,14.241777979502027,15.139624949370045,0.547139246078836,0.16536458333333334
wall_stop,stress,ideal,17,0.1,0.45,1.0,0.7020434138915861,0.0,0.7020434138915861,0.1479565861084139,1,2.4000000000000004,nan,0.2979565861084139,0.1979565861084139,0,0,0.2944704955720331,0.03010439107372938,0.05155757290497087,0.004205525530388681,0.014753448353390038,1.0019114481900742,14.228487458467498,15.201524500844243,0.5439359544198977,0.165625
wall_stop,stress,ideal,18,0.1,0.45,1.0,0.6989854922250324,0.0,0.6989854922250324,0.1510145077749676,1,2.4000000000000004,nan,0.30101450777496774,0.20101450777496774,0,0,0.2921880587426482,0.02988589118177261,0.051181913641437614,0.004174546921732922,0.014670896483760111,1.005763939407576,14.234924833317564,15.078906200324127,0.5482177195634605,0.17395833333333335
wall_stop,stress,ideal,19,0.1,0.45,1.0,0.6990428820654453,0.0,0.6990428820654453,0.15095711793455469,1,2.4000000000000004,nan,0.3009571179345547,0.2009571179345547,0,0,0.29171023908231,0.029824798284625354,0.05112096088908813,0.004168137298812114,0.014620307581667323,0.9411496196710751,14.236272708558317,15.060554850424523,0.548945870139291,0.16588541666666665
wall_stop,stress,smoother,0,0.1,0.45,1.0,0.6794495350267675,0.0,0.6794495350267675,0.17055046497323245,1,2.5,nan,0.3205504649732325,0.22055046497323247,0,0,0.26999464946764135,0.02800591291468995,0.04727217012604764,0.002475837961413728,0.009844207260028924,0.9074502676456649,7.872932620157371,8.285792298556771,nan,nan
wall_stop,stress,smoother,1,0.1,0.45,1.0,0.6766179566986618,0.0,0.6766179566986618,0.17338204330133822,1,2.5,nan,0.32338204330133813,0.22338204330133812,0,0,0.26957869946319396,0.027830752912563376,0.04719986053391121,0.002471913640936537,0.009723671468994659,0.9455171912210112,7.870445480220951,8.294978699814237,nan,nan
wall_stop,stress,smoother,2,0.1,0.45,1.0,0.6788585206775856,0.0,0.6788585206775856,0.1711414793224144,1,2.5,nan,0.32114147932241455,0.22114147932241454,0,0,0.27076155957588605,0.028107004378088253,0.04742261398947757,0.0024835790317705698,0.009727288041766072,0.9710363313965733,7.978761119884439,8.483675349634723,nan,nan
wall_stop,stress,smoother,3,0.1,0.45,1.0,0.6783831321544783,0.0,0.6783831321544783,0.17161686784552166,1,2.5,nan,0.3216168678455218,0.2216168678455218,0,0,0.2689440776519792,0.028042854218423976,0.0472119423090305,0.0024719083249185175,0.009656472083732564,0.9488412868859537,8.511560479892069,9.44998829963879,nan,nan
wall_stop,stress,smoother,4,0.1,0.45,1.0,0.6800725613226727,0.0,0.6800725613226727,0.1699274386773273,1,2.5,nan,0.3199274386773272,0.2199274386773272,0,0,0.2705961253177449,0.027957920590150096,0.047389827519278054,0.0024819366808445397,0.009701520365504186,0.9378542881142382,8.589586499656434,8.88203835074819,nan,nan
wall_stop,stress,smoother,5,0.1,0.45,1.0,0.688408304675572,0.0,0.688408304675572,0.16159169532442796,1,2.5500000000000003,nan,0.311591695324428,0.21159169532442798,0,0,0.2692785768674543,0.02811538357976098,0.04716703976467462,0.002470199989137533,0.009537074501979811,0.9480292633904102,8.488765843246844,9.002641500046593,nan,nan
wall_stop,stress,smoother,6,0.1,0.45,1.0,0.6774293777175925,0.0,0.6774293777175925,0.1725706222824075,1,2.5,nan,0.3225706222824076,0.22257062228240762,0,0,0.26872219271611186,0.02817366623639653,0.04715449060436006,0.0024696267527390876,0.009637379503968849,0.9501590195594712,8.35897692013532,10.023556950363854,nan,nan
wall_stop,stress,smoother,7,0.1,0.45,1.0,0.6770041348554596,0.0,0.6770041348554596,0.17299586514454035,1,2.5,nan,0.3229958651445404,0.22299586514454037,0,0,0.27006415068666534,0.027725829060030464,0.04728945025088443,0.002476929524518015,0.009828458058833237,0.9431925013459459,9.144893840057193,9.671294399595354,nan,nan
wall_stop,stress,smoother,8,0.1,0.45,1.0,0.6767099617370941,0.0,0.6767099617370941,0.1732900382629059,1,2.5,nan,0.3232900382629058,0.2232900382629058,0,0,0.269651214447402,0.027898831589487635,0.04722969160995172,0.0024730407464832386,0.009606571660477195,0.9696250869758871,9.641596579895122,10.530879251200531,nan,nan
wall_stop,stress,smoother,9,0.1,0.45,1.0,0.6787153564505786,0.0,0.6787153564505786,0.1712846435494214,1,2.5,nan,0.32128464354942143,0.22128464354942143,0,0,0.2707355183571119,0.027693845831227318,0.04741697726095991,0.0024833227149612196,0.009822855456023825,0.9419252940995397,9.51887169991096,10.05448544929095,nan,nan
wall_stop,stress,smoother,10,0.1,0.45,1.0,0.6893779670371462,0.0,0.6893779670371462,0.16062203296285382,1,2.5500000000000003,nan,0.31062203296285373,0.21062203296285373,0,0,0.2699321878630125,0.027874743389848255,0.047323016714530514,0.002478157271319299,0.009623487700761948,0.9576616837003378,9.357768725535339,9.590570498403395,nan,nan
wall_stop,stress,smoother,11,0.1,0.45,1.0,0.6783816327811623,0.0,0.6783816327811623,0.17161836721883772,1,2.5,nan,0.32161836721883774,0.22161836721883774,0,0,0.27087418201689223,0.027872317963229434,0.047428035642875864,0.0024840567037657736,0.00966711237311467,0.9708150744006325,8.36885702010477,8.717568101201323,nan,nan
wall_stop,stress,smoother,12,0.1,0.45,1.0,0.688346527221544,0.0,0.688346527221544,0.161653472778456,1,2.5500000000000003,nan,0.3116534727784561,0.21165347277845611,0,0,0.2687055564725814,0.027820582860036466,0.047113904057243014,0.0024671715747633803,0.009763854794565562,0.9736366990845898,9.32072062734697,10.053419000541908,nan,nan
wall_stop,stress,smoother,13,0.1,0.45,1.0,0.6778307306920821,0.0,0.6778307306920821,0.17216926930791787,1,2.5,nan,0.3221692693079179,0.2221692693079179,0,0,0.2695189714048347,0.0280458701206853,0.047189277967259385,0.002471601760958252,0.009542134019749616,0.9331705916037039,8.512172599803307,9.06327090015111,nan,nan
wall_stop,stress,smoother,14,0.1,0.45,1.0,0.678364706755279,0.0,0.678364706755279,0.17163529324472093,1,2.5,nan,0.32163529324472107,0.22163529324472106,0,0,0.2705637381269117,0.027835249003663635,0.0473936592841149,0.0024819869894730506,0.009732996503244721,0.985236522730957,8.32001028014929,8.729873651464004,nan,nan
wall_stop,stress,smoother,15,0.1,0.45,1.0,0.6778329136679465,0.0,0.6778329136679465,0.17216708633205347,1,2.5,nan,0.3221670863320534,0.22216708633205337,0,0,0.27059126526415334,0.027718562844690254,0.04740467016256242,0.0024825735497171785,0.009784112157469802,0.9397680516516719,8.17528453997511,8.596089548882446,nan,nan
wall_stop,stress,smoother,16,0.1,0.45,1.0,0.679144195142171,0.0,0.679144195142171,0.17085580485782903,1,2.5,nan,0.32085580485782916,0.22085580485782916,0,0,0.27070636438522444,0.02803588409278141,0.047472079205974835,0.0024857888836835656,0.009623396614812929,0.9351305878170764,8.990977659850614,10.235664548963541,nan,nan
wall_stop,stress,smoother,17,0.1,0.45,1.0,0.6780269955602486,0.0,0.6780269955602486,0.1719730044397514,1,2.5,nan,0.3219730044397515,0.22197300443975151,0,0,0.271190536264934,0.02791270092258958,0.047540598630400985,0.0024896636419513315,0.009780110356723812,0.9554698073844986,9.847390600189101,10.325636400375515,nan,nan
wall_stop,stress,smoother,18,0.1,0.45,1.0,0.6778041469842421,0.0,0.6778041469842421,0.1721958530157579,1,2.5,nan,0.3221958530157578,0.2221958530157578,0,0,0.27034165708223024,0.02783672695106514,0.047331118320777084,0.0024789451321122406,0.009655187345918956,0.9476679176477585,10.51678161988093,11.235782548283169,nan,nan
wall_stop,stress,smoother,19,0.1,0.45,1.0,0.6772664312880994,0.0,0.6772664312880994,0.1727335687119006,1,2.5,nan,0.3227335687119006,0.22273356871190061,0,0,0.2693212810867411,0.02787351802432504,0.0471597969713782,0.0024700129901208444,0.00965271455679174,0.9236709036148677,11.417158860422205,12.333491550816689,nan,nan
wall_stop,stress,response,0,0.1,0.45,1.0,0.6798041108273295,0.0,0.6798041108273295,0.17019588917267048,1,2.5500000000000003,nan,0.3201958891726706,0.2201958891726706,0,0,0.26499457176896674,0.02712762478013536,0.046400642043819544,0.0,0.0,0.9006046584650487,11.317844745017105,11.976994999713497,nan,nan
wall_stop,stress,response,1,0.1,0.45,1.0,0.6777722236897611,0.0,0.6777722236897611,0.1722277763102389,1,2.5500000000000003,nan,0.322227776310239,0.22222777631023902,0,0,0.2643873672180196,0.02710119897782211,0.046301524823905225,0.0,0.0,0.9428336437090041,10.549714686360447,11.290816499240464,nan,nan
wall_stop,stress,response,2,0.1,0.45,1.0,0.6787562644846389,0.0,0.6787562644846389,0.1712437355153611,1,2.5500000000000003,nan,0.321243735515361,0.221243735515361,0,0,0.2657302940378398,0.027127391674153453,0.04654357710387112,0.0,0.0,0.9616863681174905,9.440509529382576,10.362864999478916,nan,nan
wall_stop,stress,response,3,0.1,0.45,1.0,0.6787284350788968,0.0,0.6787284350788968,0.17127156492110318,1,2.5500000000000003,nan,0.3212715649211031,0.2212715649211031,0,0,0.26434642905360106,0.027145618296011174,0.04640331375775026,0.0,0.0,0.9387956644021169,8.57982098051591,9.028168500663014,nan,nan
wall_stop,stress,response,4,0.1,0.45,1.0,0.6803716015994438,0.0,0.6803716015994438,0.1696283984005562,1,2.5500000000000003,nan,0.31962839840055635,0.21962839840055634,0,0,0.2657122929919136,0.027050106183569417,0.04653713609505371,0.0,0.0,0.9259032701560784,9.312863196029474,9.989131502152304,nan,nan
wall_stop,stress,response,5,0.1,0.45,1.0,0.6763464195072694,0.0,0.6763464195072694,0.1736535804927306,1,2.5500000000000003,nan,0.3236535804927305,0.2236535804927305,0,0,0.26419239816167417,0.027337805543843626,0.04633874769366222,0.0,0.0,0.9388526121599642,9.077694608148544,9.348648000013782,nan,nan
wall_stop,stress,response,6,0.1,0.45,1.0,0.6777753603993727,0.0,0.6777753603993727,0.17222463960062728,1,2.5500000000000003,nan,0.3222246396006274,0.2222246396006274,0,0,0.2640858180145147,0.027282544761330647,0.04630018350364993,0.0,0.0,0.9406324414027175,8.461200058638283,8.761235500060138,nan,nan
wall_stop,stress,response,7,0.1,0.45,1.0,0.6778490827575415,0.0,0.6778490827575415,0.17215091724245846,1,2.5500000000000003,nan,0.3221509172424586,0.22215091724245858,0,0,0.26486804955957177,0.02693485155054181,0.04637485591848389,0.0,0.0,0.9371898330054373,8.58522831399836,9.351384500405402,nan,nan
wall_stop,stress,response,8,0.1,0.45,1.0,0.6776049233767073,0.0,0.6776049233767073,0.17239507662329268,1,2.5500000000000003,nan,0.3223950766232928,0.2223950766232928,0,0,0.26455398352247583,0.027087130282754345,0.04634131985182691,0.0,0.0,0.958819297383257,8.754635980414392,9.224372999597108,nan,nan
wall_stop,stress,response,9,0.1,0.45,1.0,0.6801709556312338,0.0,0.6801709556312338,0.16982904436876622,1,2.5500000000000003,nan,0.31982904436876636,0.21982904436876635,0,0,0.2656009253103573,0.02699648563577018,0.04651201219491332,0.0,0.0,0.9384289100911014,8.648765881933322,9.020956000313163,nan,nan
wall_stop,stress,response,10,0.1,0.45,1.0,0.6772966384787171,0.0,0.6772966384787171,0.17270336152128285,1,2.5500000000000003,nan,0.32270336152128287,0.22270336152128287,0,0,0.26534492768212853,0.027117245126394858,0.046507985203704506,0.0,0.0,0.9468699391682884,8.498408549106292,9.100190001845476,nan,nan
wall_stop,stress,response,11,0.1,0.45,1.0,0.6784742732003409,0.0,0.6784742732003409,0.17152572679965905,1,2.5500000000000003,nan,0.32152572679965896,0.22152572679965896,0,0,0.2656653982130215,0.026949382186170125,0.046518286090756214,0.0,0.0,0.9577882353747257,8.745948294067514,9.173202499368927,nan,nan
wall_stop,stress,response,12,0.1,0.45,1.0,0.6763592402503361,0.0,0.6763592402503361,0.17364075974966386,1,2.5500000000000003,nan,0.3236407597496638,0.22364075974966377,0,0,0.2639161043014893,0.027069469439682945,0.04624518823403244,0.0,0.0,0.9636272123744134,8.444862529394609,8.760684000662877,nan,nan
wall_stop,stress,response,13,0.1,0.45,1.0,0.6789963773239587,0.0,0.6789963773239587,0.1710036226760413,1,2.5500000000000003,nan,0.3210036226760413,0.22100362267604132,0,0,0.26544071651794365,0.027229964856791366,0.04646866480827446,0.0,0.0,0.9263045496426536,8.367067117540179,8.701012500750949,nan,nan
wall_stop,stress,response,14,0.1,0.45,1.0,0.6794732099691326,0.0,0.6794732099691326,0.17052679003086735,1,2.5500000000000003,nan,0.3205267900308675,0.22052679003086748,0,0,0.26520913731341045,0.027085509440716502,0.046478210790996295,0.0,0.0,0.9777075520747673,8.359286549082254,8.725672501896042,nan,nan
wall_stop,stress,response,15,0.1,0.45,1.0,0.6792379961879773,0.0,0.6792379961879773,0.17076200381202267,1,2.5500000000000003,nan,0.3207620038120227,0.22076200381202268,0,0,0.26548524971206405,0.026981643884330112,0.04647869522957061,0.0,0.0,0.935715338316515,8.460770038843346,8.759083000768442,nan,nan
wall_stop,stress,response,16,0.1,0.45,1.0,0.6803838741213163,0.0,0.6803838741213163,0.1696161258786837,1,2.5500000000000003,nan,0.3196161258786838,0.21961612587868382,0,0,0.26595851424150335,0.027242466667106374,0.04664233590343743,0.0,0.0,0.928953433508606,8.315025411695174,8.71571749848954,nan,nan
wall_stop,stress,response,17,0.1,0.45,1.0,0.6788849560681837,0.0,0.6788849560681837,0.1711150439318163,1,2.5500000000000003,nan,0.3211150439318162,0.22111504393181622,0,0,0.26607178128326825,0.027107368253525364,0.04662495799364445,0.0,0.0,0.9455533737325733,8.398539882453441,8.830877000946202,nan,nan
wall_stop,stress,response,18,0.1,0.45,1.0,0.6793294676914643,0.0,0.6793294676914643,0.17067053230853568,1,2.5500000000000003,nan,0.3206705323085357,0.2206705323085357,0,0,0.2655418098003371,0.02709370984707499,0.046492321137941266,0.0,0.0,0.941247642347609,8.374267313532377,8.805123499769252,nan,nan
wall_stop,stress,response,19,0.1,0.45,1.0,0.6772533390632807,0.0,0.6772533390632807,0.1727466609367193,1,2.5500000000000003,nan,0.32274666093671933,0.22274666093671933,0,0,0.26378739035544624,0.026964507980570582,0.04621428411940508,0.0,0.0,0.9169266034082837,8.396271215614808,8.80085649805551,nan,nan
